<?xml version="1.0" encoding="utf-8"?>
<profiles xmlns="http://www.logitech.com/Cassandra/2010.7/Profile">
  <profile gkeysdk="0" guid="{08922C2C-6884-40C1-88FB-EA062411C0D2}" lock="0" name="Archeblade">
    <description></description>
    <target path="C:\PROGRAM FILES (X86)\STEAM\STEAMAPPS\COMMON\ARCHEBLADE\BINARIES\WIN32\ARCHEBLADE.EXE"/>
    <signature key="" value="" executable="" name=""/>
    <macros>
      <macro guid="{29E2DEFE-B057-449A-B57F-21105AE2AA48}" hidden="false" name="Left Click">
        <mousefunction xmlns="http://www.logitech.com/Cassandra/2010.1/Macros/MouseFunction">
          <do task="leftclick"/>
        </mousefunction>
      </macro>
      <macro guid="{A2DE582D-D851-40F9-9AD0-3FBF600F013F}" hidden="false" name="Right Click">
        <mousefunction xmlns="http://www.logitech.com/Cassandra/2010.1/Macros/MouseFunction">
          <do task="rightclick"/>
        </mousefunction>
      </macro>
      <macro guid="{D4506B81-9363-4AC3-85E6-7666B50B209D}" hidden="false" name="Middle Click">
        <mousefunction xmlns="http://www.logitech.com/Cassandra/2010.1/Macros/MouseFunction">
          <do task="middleclick"/>
        </mousefunction>
      </macro>
      <macro guid="{FD42BE12-E148-44E5-9597-0170AFD24260}" hidden="false" name="Back">
        <mousefunction xmlns="http://www.logitech.com/Cassandra/2010.1/Macros/MouseFunction">
          <do task="back"/>
        </mousefunction>
      </macro>
      <macro guid="{84BE25C9-EA63-4E76-994C-C3660AD50910}" hidden="false" name="Forward">
        <mousefunction xmlns="http://www.logitech.com/Cassandra/2010.1/Macros/MouseFunction">
          <do task="forward"/>
        </mousefunction>
      </macro>
      <macro guid="{B85A4FE2-C01F-4797-B6C1-8CAA9DE73477}" hidden="false" name="Scroll Left">
        <mousefunction xmlns="http://www.logitech.com/Cassandra/2010.1/Macros/MouseFunction">
          <do task="scrollleft"/>
        </mousefunction>
      </macro>
      <macro guid="{7CAC164A-5CBB-4FA5-AD99-D6A5F0C8198A}" hidden="false" name="Scroll Right">
        <mousefunction xmlns="http://www.logitech.com/Cassandra/2010.1/Macros/MouseFunction">
          <do task="scrollright"/>
        </mousefunction>
      </macro>
      <macro devicecategory="Logitech.Gaming.Mouse" guid="{DEB8132C-4DDB-4751-A14D-252437DECF16}" hidden="false" name="DPI Up">
        <mousefunction xmlns="http://www.logitech.com/Cassandra/2010.1/Macros/MouseFunction">
          <do task="dpiup"/>
        </mousefunction>
      </macro>
      <macro devicecategory="Logitech.Gaming.Mouse" guid="{3CD758BA-1BFD-4C59-AAC1-0CA25F9D0BAB}" hidden="false" name="DPI Down">
        <mousefunction xmlns="http://www.logitech.com/Cassandra/2010.1/Macros/MouseFunction">
          <do task="dpidown"/>
        </mousefunction>
      </macro>
      <macro guid="{4F0EB684-757E-4D9C-B046-A30CE55C470D}" hidden="false" name="Forward">
        <keystroke xmlns="http://www.logitech.com/Cassandra/2010.1/Macros/Keystroke">
          <key value="W"/>
        </keystroke>
      </macro>
      <macro guid="{00F4C3BE-FD64-460F-AA5A-C303694EE2AD}" hidden="false" name="Left">
        <keystroke xmlns="http://www.logitech.com/Cassandra/2010.1/Macros/Keystroke">
          <key value="A"/>
        </keystroke>
      </macro>
      <macro guid="{EAF997D8-2898-48A7-8F45-A26105C41297}" hidden="false" name="Backwards">
        <keystroke xmlns="http://www.logitech.com/Cassandra/2010.1/Macros/Keystroke">
          <key value="S"/>
        </keystroke>
      </macro>
      <macro guid="{2A466169-E54E-4524-9FD7-0AAEE88FF6CE}" hidden="false" name="Right">
        <keystroke xmlns="http://www.logitech.com/Cassandra/2010.1/Macros/Keystroke">
          <key value="D"/>
        </keystroke>
      </macro>
      <macro guid="{79894888-CF54-4D41-8F73-EAF3C87F58EF}" hidden="false" name="Jump">
        <keystroke xmlns="http://www.logitech.com/Cassandra/2010.1/Macros/Keystroke">
          <key value="SPACEBAR"/>
        </keystroke>
      </macro>
      <macro guid="{0D856292-DDF6-4946-92A4-8D09B4535AE3}" hidden="false" name="Guard">
        <keystroke xmlns="http://www.logitech.com/Cassandra/2010.1/Macros/Keystroke">
          <key value="E"/>
        </keystroke>
      </macro>
      <macro guid="{26146FFA-8DAF-4729-86A1-60F722D4C30B}" hidden="false" name="Reload">
        <keystroke xmlns="http://www.logitech.com/Cassandra/2010.1/Macros/Keystroke">
          <key value="R"/>
        </keystroke>
      </macro>
      <macro guid="{ECC532B4-BE68-4629-83D4-D26F9009685D}" hidden="false" name="Rage Skill 1">
        <keystroke xmlns="http://www.logitech.com/Cassandra/2010.1/Macros/Keystroke">
          <key value="F"/>
        </keystroke>
      </macro>
      <macro guid="{54BBB803-E76E-4CA0-ACA4-A55509E0F84F}" hidden="false" name="Rage Skill 2">
        <keystroke xmlns="http://www.logitech.com/Cassandra/2010.1/Macros/Keystroke">
          <key value="Q"/>
        </keystroke>
      </macro>
      <macro guid="{90CEE622-1511-4763-81B2-6090CDD6A5A5}" hidden="false" name="Power Attack">
        <keystroke xmlns="http://www.logitech.com/Cassandra/2010.1/Macros/Keystroke">
          <key value="LALT"/>
        </keystroke>
      </macro>
      <macro guid="{C0DD41EE-698F-4B8F-9464-BD338FFC9EB5}" hidden="false" name="Special Move">
        <keystroke xmlns="http://www.logitech.com/Cassandra/2010.1/Macros/Keystroke">
          <key value="LSHIFT"/>
        </keystroke>
      </macro>
      <macro guid="{166880C1-A3EF-42FC-A3D0-1FD9BC0FA784}" hidden="false" name="Capture">
        <keystroke xmlns="http://www.logitech.com/Cassandra/2010.1/Macros/Keystroke">
          <key value="LCTRL"/>
        </keystroke>
      </macro>
      <macro guid="{9EB99A8F-6C5B-4DDF-A4E1-113113776A80}" hidden="false" name="Scoreboard">
        <keystroke xmlns="http://www.logitech.com/Cassandra/2010.1/Macros/Keystroke">
          <key value="TAB"/>
        </keystroke>
      </macro>
      <macro guid="{14AB58F9-5E03-4BDF-8430-A916E0223990}" hidden="false" name="Esc to menu">
        <keystroke xmlns="http://www.logitech.com/Cassandra/2010.1/Macros/Keystroke">
          <key value="ESCAPE"/>
        </keystroke>
      </macro>
    </macros>
    <assignments devicecategory="Logitech.Gaming.LeftHandedController">
      <assignment original="false" backup="false" contextid="G4" shiftstate="1" macroguid="{4F0EB684-757E-4D9C-B046-A30CE55C470D}"/>
      <assignment original="false" backup="false" contextid="G10" shiftstate="1" macroguid="{00F4C3BE-FD64-460F-AA5A-C303694EE2AD}"/>
      <assignment original="false" backup="false" contextid="G12" shiftstate="1" macroguid="{2A466169-E54E-4524-9FD7-0AAEE88FF6CE}"/>
      <assignment original="false" backup="false" contextid="G11" shiftstate="1" macroguid="{EAF997D8-2898-48A7-8F45-A26105C41297}"/>
      <assignment original="false" backup="false" contextid="G2" shiftstate="1" macroguid="{9EB99A8F-6C5B-4DDF-A4E1-113113776A80}"/>
      <assignment original="false" backup="false" contextid="G23" shiftstate="1" macroguid="{C0DD41EE-698F-4B8F-9464-BD338FFC9EB5}"/>
      <assignment original="false" backup="false" contextid="G5" shiftstate="1" macroguid="{26146FFA-8DAF-4729-86A1-60F722D4C30B}"/>
      <assignment original="false" backup="false" contextid="G9" shiftstate="1" macroguid="{ECC532B4-BE68-4629-83D4-D26F9009685D}"/>
      <assignment original="false" backup="false" contextid="G13" shiftstate="1" macroguid="{54BBB803-E76E-4CA0-ACA4-A55509E0F84F}"/>
      <assignment original="false" backup="false" contextid="G7" shiftstate="1" macroguid="{14AB58F9-5E03-4BDF-8430-A916E0223990}"/>
      <assignment original="false" backup="false" contextid="G3" shiftstate="1" macroguid="{166880C1-A3EF-42FC-A3D0-1FD9BC0FA784}"/>
      <assignment original="false" backup="false" contextid="G6" shiftstate="1" macroguid="{90CEE622-1511-4763-81B2-6090CDD6A5A5}"/>
    </assignments>
    <assignments devicecategory="Logitech.Gaming.Mouse.G9">
      <assignment original="false" backup="false" contextid="Button1" shiftstate="1" macroguid="{29E2DEFE-B057-449A-B57F-21105AE2AA48}"/>
      <assignment original="false" backup="false" contextid="Button2" shiftstate="1" macroguid="{A2DE582D-D851-40F9-9AD0-3FBF600F013F}"/>
      <assignment original="false" backup="false" contextid="Button3" shiftstate="1" macroguid="{D4506B81-9363-4AC3-85E6-7666B50B209D}"/>
      <assignment original="false" backup="false" contextid="Button7" shiftstate="1" macroguid="{B85A4FE2-C01F-4797-B6C1-8CAA9DE73477}"/>
      <assignment original="false" backup="false" contextid="Button8" shiftstate="1" macroguid="{7CAC164A-5CBB-4FA5-AD99-D6A5F0C8198A}"/>
      <assignment original="false" backup="false" contextid="Button9" shiftstate="1" macroguid="{DEB8132C-4DDB-4751-A14D-252437DECF16}"/>
      <assignment original="false" backup="false" contextid="Button10" shiftstate="1" macroguid="{3CD758BA-1BFD-4C59-AAC1-0CA25F9D0BAB}"/>
      <assignment original="false" backup="false" contextid="Button4" shiftstate="1" macroguid="{79894888-CF54-4D41-8F73-EAF3C87F58EF}"/>
      <assignment original="false" backup="false" contextid="Button5" shiftstate="1" macroguid="{0D856292-DDF6-4946-92A4-8D09B4535AE3}"/>
    </assignments>
    <pointers>
      <pointer devicemodel="Logitech.Gaming.Mouse.G9XCOD">
        <mode shiftstate="1">
          <reportrate rate="500"/>
          <powermode value="2"/>
          <dpitable defaultindex="1" shiftindex="1" syncxy="1">
            <dpi x="400" y="400" enabled="1"/>
            <dpi x="800" y="800" enabled="1"/>
            <dpi x="1600" y="1600" enabled="1"/>
            <dpi x="3200" y="3200" enabled="1"/>
          </dpitable>
          <movement speed="-1" acceleration="1"/>
        </mode>
      </pointer>
    </pointers>
    <backlight devicemodel="Logitech.Gaming.Mouse.G9XCOD">
      <mode shiftstate="1" color="#00ff00"/>
      <mode shiftstate="2" color="#00ff00"/>
      <mode shiftstate="3" color="#00ff00"/>
    </backlight>
    <backlight devicemodel="Logitech.Gaming.LeftHandedController.G13">
      <mode shiftstate="1" color="#ff0000"/>
      <mode shiftstate="2" color="#5aff6e"/>
      <mode shiftstate="3" color="#5aff6e"/>
    </backlight>
    <script>function OnEvent(event, arg)
    OutputLogMessage("event = %s, arg = %s\n", event, arg)
end</script>
  </profile>
</profiles>
