<?xml version="1.0" encoding="utf-8"?>
<profiles xmlns="http://www.logitech.com/Cassandra/2010.7/Profile">
  <profile gkeysdk="0" guid="{F103ACF7-BAE6-4EB5-8D8E-1BDE96AB0F04}" lock="0" name="Batman: Arkam City">
    <description></description>
    <target path="D:\STEAMLIBRARY\STEAMAPPS\COMMON\BATMAN ARKHAM CITY GOTY\BINARIES\WIN32\BATMANAC.EXE"/>
    <signature key="" value="" executable="" name=""/>
    <macros>
      <macro original="true" guid="{29E2DEFE-B057-449A-B57F-21105AE2AA48}" hidden="false" name="Left Click">
        <mousefunction xmlns="http://www.logitech.com/Cassandra/2010.1/Macros/MouseFunction">
          <do task="leftclick"/>
        </mousefunction>
      </macro>
      <macro original="true" guid="{A2DE582D-D851-40F9-9AD0-3FBF600F013F}" hidden="false" name="Right Click">
        <mousefunction xmlns="http://www.logitech.com/Cassandra/2010.1/Macros/MouseFunction">
          <do task="rightclick"/>
        </mousefunction>
      </macro>
      <macro original="true" guid="{D4506B81-9363-4AC3-85E6-7666B50B209D}" hidden="false" name="Middle Click">
        <mousefunction xmlns="http://www.logitech.com/Cassandra/2010.1/Macros/MouseFunction">
          <do task="middleclick"/>
        </mousefunction>
      </macro>
      <macro original="true" guid="{B85A4FE2-C01F-4797-B6C1-8CAA9DE73477}" hidden="false" name="Scroll Left">
        <mousefunction xmlns="http://www.logitech.com/Cassandra/2010.1/Macros/MouseFunction">
          <do task="scrollleft"/>
        </mousefunction>
      </macro>
      <macro original="true" guid="{7CAC164A-5CBB-4FA5-AD99-D6A5F0C8198A}" hidden="false" name="Scroll Right">
        <mousefunction xmlns="http://www.logitech.com/Cassandra/2010.1/Macros/MouseFunction">
          <do task="scrollright"/>
        </mousefunction>
      </macro>
      <macro original="true" devicecategory="Logitech.Gaming.Mouse" guid="{DEB8132C-4DDB-4751-A14D-252437DECF16}" hidden="false" name="DPI Up">
        <mousefunction xmlns="http://www.logitech.com/Cassandra/2010.1/Macros/MouseFunction">
          <do task="dpiup"/>
        </mousefunction>
      </macro>
      <macro original="true" devicecategory="Logitech.Gaming.Mouse" guid="{3CD758BA-1BFD-4C59-AAC1-0CA25F9D0BAB}" hidden="false" name="DPI Down">
        <mousefunction xmlns="http://www.logitech.com/Cassandra/2010.1/Macros/MouseFunction">
          <do task="dpidown"/>
        </mousefunction>
      </macro>
      <macro original="true" guid="{D4734EC7-8820-48DC-BB20-FAA9E81EFAB5}" hidden="false" name="Forward">
        <keystroke xmlns="http://www.logitech.com/Cassandra/2010.1/Macros/Keystroke">
          <key value="W"/>
        </keystroke>
      </macro>
      <macro original="true" guid="{35F45F6C-8C34-4A6D-83EF-075AC003545E}" hidden="false" name="Backward">
        <keystroke xmlns="http://www.logitech.com/Cassandra/2010.1/Macros/Keystroke">
          <key value="S"/>
        </keystroke>
      </macro>
      <macro original="true" guid="{BA47FD9E-BEBF-42F3-BCAD-3DD1CB669B9A}" hidden="false" name="Left">
        <keystroke xmlns="http://www.logitech.com/Cassandra/2010.1/Macros/Keystroke">
          <key value="A"/>
        </keystroke>
      </macro>
      <macro original="true" guid="{9ECF2687-76B9-448A-8A4D-71DC426DA771}" hidden="false" name="Right">
        <keystroke xmlns="http://www.logitech.com/Cassandra/2010.1/Macros/Keystroke">
          <key value="D"/>
        </keystroke>
      </macro>
      <macro original="true" guid="{66C8F26B-ADCA-43FC-9B53-B09308D298CF}" hidden="false" name="Run/Glide">
        <keystroke xmlns="http://www.logitech.com/Cassandra/2010.1/Macros/Keystroke">
          <key value="SPACEBAR"/>
        </keystroke>
      </macro>
      <macro original="true" guid="{16140D35-2280-49C3-804E-62CE513CC111}" hidden="false" name="Grapple">
        <keystroke xmlns="http://www.logitech.com/Cassandra/2010.1/Macros/Keystroke">
          <key value="F"/>
        </keystroke>
      </macro>
      <macro original="true" guid="{38FEA451-9AC7-4F7E-B170-423FF0124D31}" hidden="false" name="Detective mode">
        <keystroke xmlns="http://www.logitech.com/Cassandra/2010.1/Macros/Keystroke">
          <key value="X"/>
        </keystroke>
      </macro>
      <macro original="true" guid="{D1AB4EEB-0B9B-47E0-8C8A-5A15BF91BCB8}" hidden="false" name="Shift">
        <keystroke xmlns="http://www.logitech.com/Cassandra/2010.1/Macros/Keystroke">
          <key value="LSHIFT"/>
        </keystroke>
      </macro>
      <macro original="true" guid="{D6D2977E-A02F-4FA0-8CC1-630DA729FEA5}" hidden="false" name="Crouch">
        <keystroke xmlns="http://www.logitech.com/Cassandra/2010.1/Macros/Keystroke">
          <key value="LCTRL"/>
        </keystroke>
      </macro>
      <macro original="true" guid="{DCF50AE2-0012-4381-0002-4F0F5A9E9803}" hidden="false" name="Zoom">
        <keystroke xmlns="http://www.logitech.com/Cassandra/2010.1/Macros/Keystroke">
          <key value="Z"/>
        </keystroke>
      </macro>
      <macro original="true" guid="{E6703B47-C154-415A-925D-13CBCCDE89EE}" hidden="false" name="Esc">
        <keystroke xmlns="http://www.logitech.com/Cassandra/2010.1/Macros/Keystroke">
          <key value="ESCAPE"/>
        </keystroke>
      </macro>
      <macro original="true" guid="{CB7F669F-CA76-4416-808A-5D8002F44361}" hidden="false" name="Tab">
        <keystroke xmlns="http://www.logitech.com/Cassandra/2010.1/Macros/Keystroke">
          <key value="TAB"/>
        </keystroke>
      </macro>
      <macro original="true" guid="{7D9BC0CA-9447-4415-BE56-71D760B7EFA8}" hidden="false" name="Enter">
        <keystroke xmlns="http://www.logitech.com/Cassandra/2010.1/Macros/Keystroke">
          <key value="ENTER"/>
        </keystroke>
      </macro>
      <macro guid="{981E74FB-1738-49EA-8373-98AC5551CE5D}" hidden="false" name="Take Down">
        <keystroke xmlns="http://www.logitech.com/Cassandra/2010.1/Macros/Keystroke">
          <key value="E"/>
        </keystroke>
      </macro>
      <macro backupguid="{981E74FB-1738-49EA-8373-98AC5551CE5D}" guid="{89CF0852-D9D3-42D4-B27E-2F66954D6971}" hidden="false" name="Quick Batclaw">
        <keystroke xmlns="http://www.logitech.com/Cassandra/2010.1/Macros/Keystroke">
          <key value="C"/>
        </keystroke>
      </macro>
      <macro guid="{6E9F7859-71B2-4DD5-A6B1-B4D300D479D9}" hidden="false" name="Cape Stun">
        <keystroke xmlns="http://www.logitech.com/Cassandra/2010.1/Macros/Keystroke">
          <key value="Q"/>
        </keystroke>
      </macro>
      <macro backupguid="{6E9F7859-71B2-4DD5-A6B1-B4D300D479D9}" guid="{A04C80C4-96E4-43F3-ADC8-BE64CEEADF4F}" hidden="false" name="Quick Batarang">
        <keystroke xmlns="http://www.logitech.com/Cassandra/2010.1/Macros/Keystroke">
          <key value="Q"/>
        </keystroke>
      </macro>
      <macro guid="{302DDE22-D45B-45EA-985E-CECAE238B8A7}" hidden="false" name="Disamr and Destroy">
        <keystroke xmlns="http://www.logitech.com/Cassandra/2010.1/Macros/Keystroke">
          <key value="Y"/>
        </keystroke>
      </macro>
      <macro guid="{E3761A11-AB01-4CF8-8F9F-7D82DA758A69}" hidden="false" name="Weapon 1">
        <keystroke xmlns="http://www.logitech.com/Cassandra/2010.1/Macros/Keystroke">
          <key value="1"/>
        </keystroke>
      </macro>
      <macro guid="{734510D9-8CD4-486D-82EC-9FA22770A87D}" hidden="false" name="Weapon 2">
        <keystroke xmlns="http://www.logitech.com/Cassandra/2010.1/Macros/Keystroke">
          <key value="2"/>
        </keystroke>
      </macro>
      <macro guid="{F8FDF0C3-4E12-4C41-8C33-14BD24243D5B}" hidden="false" name="Weapon 3">
        <keystroke xmlns="http://www.logitech.com/Cassandra/2010.1/Macros/Keystroke">
          <key value="3"/>
        </keystroke>
      </macro>
      <macro guid="{E1008D50-90DE-42FF-82BA-1D888BAF7190}" hidden="false" name="Weapon 4">
        <keystroke xmlns="http://www.logitech.com/Cassandra/2010.1/Macros/Keystroke">
          <key value="4"/>
        </keystroke>
      </macro>
      <macro guid="{6159341E-2C48-443C-99A1-413F6855DF51}" hidden="false" name="Weapon 5">
        <keystroke xmlns="http://www.logitech.com/Cassandra/2010.1/Macros/Keystroke">
          <key value="5"/>
        </keystroke>
      </macro>
      <macro guid="{C1BD3C96-32B6-4F4B-9890-62D8770829E1}" hidden="false" name="Weapon 6">
        <keystroke xmlns="http://www.logitech.com/Cassandra/2010.1/Macros/Keystroke">
          <key value="6"/>
        </keystroke>
      </macro>
      <macro guid="{FEFB4A21-6439-4069-80F1-949689CEDE55}" hidden="false" name="Weapon 7">
        <keystroke xmlns="http://www.logitech.com/Cassandra/2010.1/Macros/Keystroke">
          <key value="7"/>
        </keystroke>
      </macro>
      <macro guid="{D7CF6C67-0D48-4083-B6FC-0412558B289A}" hidden="false" name="Weapon 8">
        <keystroke xmlns="http://www.logitech.com/Cassandra/2010.1/Macros/Keystroke">
          <key value="8"/>
        </keystroke>
      </macro>
      <macro guid="{80BDE080-39DF-433E-A470-D5C9DA713F1B}" hidden="false" name="Weapon 9">
        <keystroke xmlns="http://www.logitech.com/Cassandra/2010.1/Macros/Keystroke">
          <key value="9"/>
        </keystroke>
      </macro>
      <macro guid="{419F05A2-03D6-4805-A58B-C7BA8A3409CC}" hidden="false" name="Weapon  10">
        <keystroke xmlns="http://www.logitech.com/Cassandra/2010.1/Macros/Keystroke">
          <key value="0"/>
        </keystroke>
      </macro>
      <macro guid="{4E1A88C6-0525-49CA-8A5F-0EA4FD8FD9A1}" hidden="false" name="Weapon 11">
        <keystroke xmlns="http://www.logitech.com/Cassandra/2010.1/Macros/Keystroke">
          <key value="MINUS"/>
        </keystroke>
      </macro>
      <macro guid="{65760CBC-A310-43BC-B6AE-1FB3EF846E08}" hidden="false" name="Weapon 12">
        <keystroke xmlns="http://www.logitech.com/Cassandra/2010.1/Macros/Keystroke">
          <key value="EQUAL"/>
        </keystroke>
      </macro>
      <macro guid="{E37A70A9-C1C7-4C34-988A-42CCC08EACC6}" hidden="false" name="Bat Swarm">
        <keystroke xmlns="http://www.logitech.com/Cassandra/2010.1/Macros/Keystroke">
          <key value="R"/>
        </keystroke>
      </macro>
      <macro guid="{2FB283A4-F4BD-4CBF-A634-71AF4D93E3AB}" hidden="false" name="Multi Ground TD">
        <keystroke xmlns="http://www.logitech.com/Cassandra/2010.1/Macros/Keystroke">
          <key value="T"/>
        </keystroke>
      </macro>
    </macros>
    <assignments devicecategory="Logitech.Gaming.LeftHandedController">
      <assignment original="true" backup="false" contextid="G4" shiftstate="1" macroguid="{D4734EC7-8820-48DC-BB20-FAA9E81EFAB5}"/>
      <assignment original="true" backup="false" contextid="G11" shiftstate="1" macroguid="{35F45F6C-8C34-4A6D-83EF-075AC003545E}"/>
      <assignment original="true" backup="false" contextid="G10" shiftstate="1" macroguid="{BA47FD9E-BEBF-42F3-BCAD-3DD1CB669B9A}"/>
      <assignment original="true" backup="false" contextid="G12" shiftstate="1" macroguid="{9ECF2687-76B9-448A-8A4D-71DC426DA771}"/>
      <assignment original="true" backup="false" contextid="G15" shiftstate="1" macroguid="{66C8F26B-ADCA-43FC-9B53-B09308D298CF}"/>
      <assignment original="true" backup="false" contextid="G3" shiftstate="1" macroguid="{38FEA451-9AC7-4F7E-B170-423FF0124D31}"/>
      <assignment original="true" backup="false" contextid="G22" shiftstate="1" macroguid="{D6D2977E-A02F-4FA0-8CC1-630DA729FEA5}"/>
      <assignment original="false" backup="false" contextid="G5" shiftstate="1" macroguid="{6E9F7859-71B2-4DD5-A6B1-B4D300D479D9}"/>
      <assignment original="false" backup="false" contextid="G9" shiftstate="1" macroguid="{981E74FB-1738-49EA-8373-98AC5551CE5D}"/>
      <assignment original="true" backup="false" contextid="G1" shiftstate="1" macroguid="{E6703B47-C154-415A-925D-13CBCCDE89EE}"/>
      <assignment original="true" backup="false" contextid="G14" shiftstate="1" macroguid="{CB7F669F-CA76-4416-808A-5D8002F44361}"/>
      <assignment original="false" backup="true" contextid="G8" shiftstate="1" macroguid="{7D9BC0CA-9447-4415-BE56-71D760B7EFA8}"/>
      <assignment original="false" backup="true" contextid="G9" shiftstate="1" macroguid="{981E74FB-1738-49EA-8373-98AC5551CE5D}"/>
      <assignment original="false" backup="true" contextid="G5" shiftstate="1" macroguid="{6E9F7859-71B2-4DD5-A6B1-B4D300D479D9}"/>
      <assignment original="false" backup="false" contextid="G13" shiftstate="1" macroguid="{302DDE22-D45B-45EA-985E-CECAE238B8A7}"/>
      <assignment original="false" backup="false" contextid="G26" shiftstate="1" macroguid="{E3761A11-AB01-4CF8-8F9F-7D82DA758A69}"/>
      <assignment original="false" backup="false" contextid="G23" shiftstate="1" macroguid="{7D9BC0CA-9447-4415-BE56-71D760B7EFA8}"/>
      <assignment original="false" backup="false" contextid="G8" shiftstate="1" macroguid="{E37A70A9-C1C7-4C34-988A-42CCC08EACC6}"/>
      <assignment original="false" backup="false" contextid="G29" shiftstate="1" macroguid="{734510D9-8CD4-486D-82EC-9FA22770A87D}"/>
      <assignment original="false" backup="false" contextid="G27" shiftstate="1" macroguid="{F8FDF0C3-4E12-4C41-8C33-14BD24243D5B}"/>
      <assignment original="false" backup="false" contextid="G28" shiftstate="1" macroguid="{E1008D50-90DE-42FF-82BA-1D888BAF7190}"/>
      <assignment original="false" backup="false" contextid="G25" shiftstate="1" macroguid="{6159341E-2C48-443C-99A1-413F6855DF51}"/>
      <assignment original="false" backup="false" contextid="G24" shiftstate="1" macroguid="{C1BD3C96-32B6-4F4B-9890-62D8770829E1}"/>
    </assignments>
    <assignments devicecategory="Logitech.Gaming.Mouse.G9">
      <assignment original="true" backup="false" contextid="Button1" shiftstate="1" macroguid="{29E2DEFE-B057-449A-B57F-21105AE2AA48}"/>
      <assignment original="true" backup="false" contextid="Button2" shiftstate="1" macroguid="{A2DE582D-D851-40F9-9AD0-3FBF600F013F}"/>
      <assignment original="true" backup="false" contextid="Button3" shiftstate="1" macroguid="{D4506B81-9363-4AC3-85E6-7666B50B209D}"/>
      <assignment original="true" backup="false" contextid="Button7" shiftstate="1" macroguid="{B85A4FE2-C01F-4797-B6C1-8CAA9DE73477}"/>
      <assignment original="true" backup="false" contextid="Button8" shiftstate="1" macroguid="{7CAC164A-5CBB-4FA5-AD99-D6A5F0C8198A}"/>
      <assignment original="true" backup="false" contextid="Button9" shiftstate="1" macroguid="{DEB8132C-4DDB-4751-A14D-252437DECF16}"/>
      <assignment original="true" backup="false" contextid="Button10" shiftstate="1" macroguid="{3CD758BA-1BFD-4C59-AAC1-0CA25F9D0BAB}"/>
      <assignment original="true" backup="false" contextid="Button5" shiftstate="1" macroguid="{DCF50AE2-0012-4381-0002-4F0F5A9E9803}"/>
      <assignment original="true" backup="false" contextid="Button4" shiftstate="1" macroguid="{16140D35-2280-49C3-804E-62CE513CC111}"/>
    </assignments>
    <pointers>
      <pointer devicemodel="Logitech.Gaming.Mouse.G9XCOD">
        <mode shiftstate="1">
          <reportrate rate="500"/>
          <powermode value="2"/>
          <dpitable defaultindex="1" shiftindex="1" syncxy="1">
            <dpi x="400" y="400" enabled="1"/>
            <dpi x="800" y="800" enabled="1"/>
            <dpi x="1600" y="1600" enabled="1"/>
            <dpi x="3200" y="3200" enabled="1"/>
          </dpitable>
          <movement speed="-1" acceleration="1"/>
        </mode>
      </pointer>
    </pointers>
    <backlight devicemodel="Logitech.Gaming.Mouse.G9XCOD">
      <mode shiftstate="1" color="#0014ff"/>
      <mode shiftstate="2" color="#00ff00"/>
      <mode shiftstate="3" color="#00ff00"/>
    </backlight>
    <backlight devicemodel="Logitech.Gaming.LeftHandedController.G13">
      <mode shiftstate="1" color="#000000"/>
      <mode shiftstate="2" color="#5aff6e"/>
      <mode shiftstate="3" color="#5aff6e"/>
    </backlight>
    <script>function OnEvent(event, arg)
    OutputLogMessage("event = %s, arg = %s\n", event, arg)
end</script>
  </profile>
</profiles>
