<?xml version="1.0" encoding="utf-8"?>
<profiles xmlns="http://www.logitech.com/Cassandra/2010.7/Profile">
  <profile gkeysdk="0" guid="{08B2784A-E3EC-40A3-9639-DA6BCEEBBD9D}" lock="0" name="Darksiders">
    <description></description>
    <target path="D:\SteamLibrary\SteamApps\common\Darksiders\DarksidersPC.exe"/>
    <signature key="" value="" executable="" name=""/>
    <macros>
      <macro guid="{29E2DEFE-B057-449A-B57F-21105AE2AA48}" hidden="false" name="Left Click">
        <mousefunction xmlns="http://www.logitech.com/Cassandra/2010.1/Macros/MouseFunction">
          <do task="leftclick"/>
        </mousefunction>
      </macro>
      <macro guid="{A2DE582D-D851-40F9-9AD0-3FBF600F013F}" hidden="false" name="Right Click">
        <mousefunction xmlns="http://www.logitech.com/Cassandra/2010.1/Macros/MouseFunction">
          <do task="rightclick"/>
        </mousefunction>
      </macro>
      <macro guid="{D4506B81-9363-4AC3-85E6-7666B50B209D}" hidden="false" name="Middle Click">
        <mousefunction xmlns="http://www.logitech.com/Cassandra/2010.1/Macros/MouseFunction">
          <do task="middleclick"/>
        </mousefunction>
      </macro>
      <macro guid="{B85A4FE2-C01F-4797-B6C1-8CAA9DE73477}" hidden="false" name="Scroll Left">
        <mousefunction xmlns="http://www.logitech.com/Cassandra/2010.1/Macros/MouseFunction">
          <do task="scrollleft"/>
        </mousefunction>
      </macro>
      <macro guid="{7CAC164A-5CBB-4FA5-AD99-D6A5F0C8198A}" hidden="false" name="Scroll Right">
        <mousefunction xmlns="http://www.logitech.com/Cassandra/2010.1/Macros/MouseFunction">
          <do task="scrollright"/>
        </mousefunction>
      </macro>
      <macro devicecategory="Logitech.Gaming.Mouse" guid="{DEB8132C-4DDB-4751-A14D-252437DECF16}" hidden="false" name="DPI Up">
        <mousefunction xmlns="http://www.logitech.com/Cassandra/2010.1/Macros/MouseFunction">
          <do task="dpiup"/>
        </mousefunction>
      </macro>
      <macro devicecategory="Logitech.Gaming.Mouse" guid="{3CD758BA-1BFD-4C59-AAC1-0CA25F9D0BAB}" hidden="false" name="DPI Down">
        <mousefunction xmlns="http://www.logitech.com/Cassandra/2010.1/Macros/MouseFunction">
          <do task="dpidown"/>
        </mousefunction>
      </macro>
      <macro guid="{DCF50AE2-0015-4381-0002-4F0F5A9E9803}" hidden="false" name="Jump">
        <keystroke xmlns="http://www.logitech.com/Cassandra/2010.1/Macros/Keystroke">
          <key value="SPACEBAR"/>
        </keystroke>
      </macro>
      <macro guid="{511993EE-BB08-4A61-AB90-D97E192949F8}" hidden="false" name="Forward">
        <keystroke xmlns="http://www.logitech.com/Cassandra/2010.1/Macros/Keystroke">
          <key value="W"/>
        </keystroke>
      </macro>
      <macro guid="{8B099B96-6A9E-4EF5-B959-F7F396A47E2B}" hidden="false" name="Backward">
        <keystroke xmlns="http://www.logitech.com/Cassandra/2010.1/Macros/Keystroke">
          <key value="S"/>
        </keystroke>
      </macro>
      <macro guid="{935AD9B4-2338-48F5-91F0-71ED7B0435D2}" hidden="false" name="Left">
        <keystroke xmlns="http://www.logitech.com/Cassandra/2010.1/Macros/Keystroke">
          <key value="A"/>
        </keystroke>
      </macro>
      <macro guid="{3A9D920E-BF12-46F8-BB8F-F0550AE337E9}" hidden="false" name="Right">
        <keystroke xmlns="http://www.logitech.com/Cassandra/2010.1/Macros/Keystroke">
          <key value="D"/>
        </keystroke>
      </macro>
      <macro guid="{3B14804E-FD68-4B62-B1D8-3876B1768AD7}" hidden="false" name="Action">
        <keystroke xmlns="http://www.logitech.com/Cassandra/2010.1/Macros/Keystroke">
          <key value="E"/>
        </keystroke>
      </macro>
      <macro guid="{553CAB10-E536-4687-BF25-E4FC8BCEBC42}" hidden="false" name="1">
        <keystroke xmlns="http://www.logitech.com/Cassandra/2010.1/Macros/Keystroke">
          <key value="1"/>
        </keystroke>
      </macro>
      <macro guid="{4EA91A11-6E83-4A1B-9839-758DAE47AEC5}" hidden="false" name="2">
        <keystroke xmlns="http://www.logitech.com/Cassandra/2010.1/Macros/Keystroke">
          <key value="2"/>
        </keystroke>
      </macro>
      <macro guid="{EBD96FC1-F961-40A5-B245-E1486BE159EC}" hidden="false" name="3">
        <keystroke xmlns="http://www.logitech.com/Cassandra/2010.1/Macros/Keystroke">
          <key value="3"/>
        </keystroke>
      </macro>
      <macro guid="{D7819BDE-3F7D-4243-86D0-C6E8FFAC2CC8}" hidden="false" name="4">
        <keystroke xmlns="http://www.logitech.com/Cassandra/2010.1/Macros/Keystroke">
          <key value="4"/>
        </keystroke>
      </macro>
      <macro guid="{DCF50AE2-0012-4381-0002-4F0F5A9E9803}" hidden="false" name="drop down">
        <keystroke xmlns="http://www.logitech.com/Cassandra/2010.1/Macros/Keystroke">
          <key value="LCTRL"/>
        </keystroke>
      </macro>
      <macro guid="{C8369E70-811E-4197-AAB1-45801AB1ECDB}" hidden="false" name="Block/Dash">
        <keystroke xmlns="http://www.logitech.com/Cassandra/2010.1/Macros/Keystroke">
          <key value="LALT"/>
        </keystroke>
      </macro>
      <macro guid="{57F5E707-015C-42D2-B2CE-B956E37BC1E2}" hidden="false" name="Secondary Weapon">
        <keystroke xmlns="http://www.logitech.com/Cassandra/2010.1/Macros/Keystroke">
          <key value="TAB"/>
        </keystroke>
      </macro>
      <macro guid="{38623B4A-15EB-4475-9D7C-BCA9196EDB9B}" hidden="false" name="Focus">
        <keystroke xmlns="http://www.logitech.com/Cassandra/2010.1/Macros/Keystroke">
          <key value="LSHIFT"/>
        </keystroke>
      </macro>
      <macro guid="{0E3A5860-A407-4D19-A2BB-959EDD97BB6B}" hidden="false" name="Wrath Power Mode">
        <keystroke xmlns="http://www.logitech.com/Cassandra/2010.1/Macros/Keystroke">
          <key value="CAPSLOCK"/>
        </keystroke>
      </macro>
      <macro guid="{11F2852C-C2AB-4EA2-832A-F465B081D1D1}" hidden="false" name="Toggle Focus">
        <keystroke xmlns="http://www.logitech.com/Cassandra/2010.1/Macros/Keystroke">
          <key value="F"/>
        </keystroke>
      </macro>
      <macro guid="{82CE14BC-BDA6-458F-82CC-9F3CE71600B2}" hidden="false" name="Toggle Aim">
        <keystroke xmlns="http://www.logitech.com/Cassandra/2010.1/Macros/Keystroke">
          <key value="Q"/>
        </keystroke>
      </macro>
      <macro guid="{5D586397-024B-47F7-BEAE-160947F3A31E}" hidden="false" name="Esc">
        <keystroke xmlns="http://www.logitech.com/Cassandra/2010.1/Macros/Keystroke">
          <key value="ESCAPE"/>
        </keystroke>
      </macro>
      <macro guid="{78407905-AC25-4643-A88C-874E02559989}" hidden="false" name="Summon Watcher">
        <keystroke xmlns="http://www.logitech.com/Cassandra/2010.1/Macros/Keystroke">
          <key value="QUOTE"/>
        </keystroke>
      </macro>
      <macro guid="{309063D3-38E7-42E9-8C30-B9727A179DF4}" hidden="false" name="Toggle Chaos">
        <keystroke xmlns="http://www.logitech.com/Cassandra/2010.1/Macros/Keystroke">
          <key value="V"/>
        </keystroke>
      </macro>
      <macro guid="{E45B653E-F704-4999-92E0-550BB6DEE944}" hidden="false" name="Summon Ruin">
        <keystroke xmlns="http://www.logitech.com/Cassandra/2010.1/Macros/Keystroke">
          <key value="C"/>
        </keystroke>
      </macro>
      <macro guid="{D4C3EEA6-CCA2-4F4D-A327-927BBCDC2455}" hidden="false" name="Toggle Walk">
        <keystroke xmlns="http://www.logitech.com/Cassandra/2010.1/Macros/Keystroke">
          <key value="B"/>
        </keystroke>
      </macro>
    </macros>
    <assignments devicecategory="Logitech.Gaming.LeftHandedController">
      <assignment original="false" backup="false" contextid="G4" shiftstate="1" macroguid="{511993EE-BB08-4A61-AB90-D97E192949F8}"/>
      <assignment original="false" backup="false" contextid="G11" shiftstate="1" macroguid="{8B099B96-6A9E-4EF5-B959-F7F396A47E2B}"/>
      <assignment original="false" backup="false" contextid="G10" shiftstate="1" macroguid="{935AD9B4-2338-48F5-91F0-71ED7B0435D2}"/>
      <assignment original="false" backup="false" contextid="G12" shiftstate="1" macroguid="{3A9D920E-BF12-46F8-BB8F-F0550AE337E9}"/>
      <assignment original="false" backup="false" contextid="G5" shiftstate="1" macroguid="{3B14804E-FD68-4B62-B1D8-3876B1768AD7}"/>
      <assignment original="false" backup="false" contextid="G26" shiftstate="1" macroguid="{553CAB10-E536-4687-BF25-E4FC8BCEBC42}"/>
      <assignment original="false" backup="false" contextid="G29" shiftstate="1" macroguid="{4EA91A11-6E83-4A1B-9839-758DAE47AEC5}"/>
      <assignment original="false" backup="false" contextid="G27" shiftstate="1" macroguid="{EBD96FC1-F961-40A5-B245-E1486BE159EC}"/>
      <assignment original="false" backup="false" contextid="G28" shiftstate="1" macroguid="{D7819BDE-3F7D-4243-86D0-C6E8FFAC2CC8}"/>
      <assignment original="false" backup="false" contextid="G3" shiftstate="1" macroguid="{57F5E707-015C-42D2-B2CE-B956E37BC1E2}"/>
      <assignment original="false" backup="false" contextid="G8" shiftstate="1" macroguid="{0E3A5860-A407-4D19-A2BB-959EDD97BB6B}"/>
      <assignment original="false" backup="false" contextid="G23" shiftstate="1" macroguid="{11F2852C-C2AB-4EA2-832A-F465B081D1D1}"/>
      <assignment original="false" backup="false" contextid="G1" shiftstate="1" macroguid="{5D586397-024B-47F7-BEAE-160947F3A31E}"/>
      <assignment original="false" backup="false" contextid="G15" shiftstate="1" macroguid="{C8369E70-811E-4197-AAB1-45801AB1ECDB}"/>
      <assignment original="false" backup="false" contextid="G24" shiftstate="1" macroguid="{D4C3EEA6-CCA2-4F4D-A327-927BBCDC2455}"/>
      <assignment original="false" backup="false" contextid="G9" shiftstate="1" macroguid="{38623B4A-15EB-4475-9D7C-BCA9196EDB9B}"/>
      <assignment original="false" backup="false" contextid="G22" shiftstate="1" macroguid="{82CE14BC-BDA6-458F-82CC-9F3CE71600B2}"/>
      <assignment original="false" backup="false" contextid="G13" shiftstate="1" macroguid="{78407905-AC25-4643-A88C-874E02559989}"/>
      <assignment original="false" backup="false" contextid="G7" shiftstate="1" macroguid="{309063D3-38E7-42E9-8C30-B9727A179DF4}"/>
      <assignment original="false" backup="false" contextid="G14" shiftstate="1" macroguid="{E45B653E-F704-4999-92E0-550BB6DEE944}"/>
    </assignments>
    <assignments devicecategory="Logitech.Gaming.Mouse.G9">
      <assignment original="false" backup="false" contextid="Button1" shiftstate="1" macroguid="{29E2DEFE-B057-449A-B57F-21105AE2AA48}"/>
      <assignment original="false" backup="false" contextid="Button2" shiftstate="1" macroguid="{A2DE582D-D851-40F9-9AD0-3FBF600F013F}"/>
      <assignment original="false" backup="false" contextid="Button3" shiftstate="1" macroguid="{D4506B81-9363-4AC3-85E6-7666B50B209D}"/>
      <assignment original="false" backup="false" contextid="Button7" shiftstate="1" macroguid="{B85A4FE2-C01F-4797-B6C1-8CAA9DE73477}"/>
      <assignment original="false" backup="false" contextid="Button8" shiftstate="1" macroguid="{7CAC164A-5CBB-4FA5-AD99-D6A5F0C8198A}"/>
      <assignment original="false" backup="false" contextid="Button9" shiftstate="1" macroguid="{DEB8132C-4DDB-4751-A14D-252437DECF16}"/>
      <assignment original="false" backup="false" contextid="Button10" shiftstate="1" macroguid="{3CD758BA-1BFD-4C59-AAC1-0CA25F9D0BAB}"/>
      <assignment original="false" backup="false" contextid="Button4" shiftstate="1" macroguid="{DCF50AE2-0015-4381-0002-4F0F5A9E9803}"/>
      <assignment original="false" backup="false" contextid="Button5" shiftstate="1" macroguid="{DCF50AE2-0012-4381-0002-4F0F5A9E9803}"/>
    </assignments>
    <pointers>
      <pointer devicemodel="Logitech.Gaming.Mouse.G9XCOD">
        <mode shiftstate="1">
          <reportrate rate="500"/>
          <powermode value="2"/>
          <dpitable defaultindex="1" shiftindex="1" syncxy="1">
            <dpi x="400" y="400" enabled="1"/>
            <dpi x="800" y="800" enabled="1"/>
            <dpi x="1600" y="1600" enabled="1"/>
            <dpi x="3200" y="3200" enabled="1"/>
          </dpitable>
          <movement speed="-1" acceleration="1"/>
        </mode>
      </pointer>
    </pointers>
    <backlight devicemodel="Logitech.Gaming.Mouse.G9XCOD">
      <mode shiftstate="1" color="#00f0ff"/>
      <mode shiftstate="2" color="#00ff00"/>
      <mode shiftstate="3" color="#00ff00"/>
    </backlight>
    <backlight devicemodel="Logitech.Gaming.LeftHandedController.G13">
      <mode shiftstate="1" color="#aa00ff"/>
      <mode shiftstate="2" color="#5aff6e"/>
      <mode shiftstate="3" color="#5aff6e"/>
    </backlight>
    <script>function OnEvent(event, arg)
    OutputLogMessage("event = %s, arg = %s\n", event, arg)
end</script>
  </profile>
</profiles>
