<?xml version="1.0" encoding="utf-8"?>
<profiles xmlns="http://www.logitech.com/Cassandra/2010.7/Profile">
  <profile lock="1" gpasupported="0" name="Ghost in the Shell Online" gkeysdk="0" lastplayeddate="2016-08-01T20:06:24" gameid="" guid="{84832950-42FF-4C2C-BA44-2C16C68CD5EB}" launchable="1">
    <description></description>
    <target path="D:\STEAMLIBRARY\STEAMAPPS\COMMON\FIRSTASSAULT\SHIPPING\GAME.EXE"/>
    <signature executable="" key="" name="" value=""/>
    <macros>
      <macro name="LALT" hidden="false" color="4278246655" guid="{93ECFD56-95ED-4B57-A385-8CF72DB5F6B6}" original="true">
        <keystroke xmlns="http://www.logitech.com/Cassandra/2010.1/Macros/Keystroke">
          <key value="LALT"/>
        </keystroke>
      </macro>
      <macro name="F1" hidden="false" color="4278246655" guid="{FF54FEB5-843F-465A-B8BA-9CAA2C4B70B9}" original="true">
        <keystroke xmlns="http://www.logitech.com/Cassandra/2010.1/Macros/Keystroke">
          <key value="F1"/>
        </keystroke>
      </macro>
      <macro name="F2" hidden="false" color="4278246655" guid="{1ED530F3-5A13-4EB1-800C-DF0D6873ED88}" original="true">
        <keystroke xmlns="http://www.logitech.com/Cassandra/2010.1/Macros/Keystroke">
          <key value="F2"/>
        </keystroke>
      </macro>
      <macro name="F3" hidden="false" color="4278246655" guid="{B06BEC6C-12A7-4F2A-AC97-BBF7B7EDF353}" original="true">
        <keystroke xmlns="http://www.logitech.com/Cassandra/2010.1/Macros/Keystroke">
          <key value="F3"/>
        </keystroke>
      </macro>
      <macro name="F4" hidden="false" color="4278246655" guid="{33BDD50A-3E5C-4EE3-A440-91C2A94230CB}" original="true">
        <keystroke xmlns="http://www.logitech.com/Cassandra/2010.1/Macros/Keystroke">
          <key value="F4"/>
        </keystroke>
      </macro>
      <macro name="F5" hidden="false" color="4278246655" guid="{FA55D2A3-9611-4B9A-8705-17C74B82FB64}" original="true">
        <keystroke xmlns="http://www.logitech.com/Cassandra/2010.1/Macros/Keystroke">
          <key value="F5"/>
        </keystroke>
      </macro>
      <macro name="F6" hidden="false" color="4278246655" guid="{035A0274-52FD-4530-A7B9-EB66B6BEB647}" original="true">
        <keystroke xmlns="http://www.logitech.com/Cassandra/2010.1/Macros/Keystroke">
          <key value="F6"/>
        </keystroke>
      </macro>
      <macro name="F10" hidden="false" color="4278246655" guid="{002D4039-63A2-4FFB-B9A6-4F2337042B54}" original="true">
        <keystroke xmlns="http://www.logitech.com/Cassandra/2010.1/Macros/Keystroke">
          <key value="F10"/>
        </keystroke>
      </macro>
      <macro name="F11" hidden="false" color="4278246655" guid="{E432B456-E65C-4009-9115-FFF884011BEF}" original="true">
        <keystroke xmlns="http://www.logitech.com/Cassandra/2010.1/Macros/Keystroke">
          <key value="F11"/>
        </keystroke>
      </macro>
      <macro name="F12" hidden="false" color="4278246655" guid="{A36371DC-A978-440E-85B5-336C2AFCA14F}" original="true">
        <keystroke xmlns="http://www.logitech.com/Cassandra/2010.1/Macros/Keystroke">
          <key value="F12"/>
        </keystroke>
      </macro>
      <macro name="F7" hidden="false" color="4278246655" guid="{2FDFE890-93C0-4BDB-851B-03D0E06337C1}" original="true">
        <keystroke xmlns="http://www.logitech.com/Cassandra/2010.1/Macros/Keystroke">
          <key value="F7"/>
        </keystroke>
      </macro>
      <macro name="F8" hidden="false" color="4278246655" guid="{23A95548-5C2F-423A-A76C-0A341F636BF5}" original="true">
        <keystroke xmlns="http://www.logitech.com/Cassandra/2010.1/Macros/Keystroke">
          <key value="F8"/>
        </keystroke>
      </macro>
      <macro name="F9" hidden="false" color="4278246655" guid="{A83EA296-1C6B-4523-996A-69D7830524CD}" original="true">
        <keystroke xmlns="http://www.logitech.com/Cassandra/2010.1/Macros/Keystroke">
          <key value="F9"/>
        </keystroke>
      </macro>
      <macro name="Left Click" hidden="false" color="4278246655" guid="{5DAFA657-7E0B-4D37-9F7A-FA252ED551E6}" original="true">
        <mousefunction xmlns="http://www.logitech.com/Cassandra/2010.1/Macros/MouseFunction">
          <do task="leftclick"/>
        </mousefunction>
      </macro>
      <macro name="Right Click" hidden="false" color="4278246655" guid="{9D0F4485-F6CE-49AF-B3FB-328DBF996F1E}" original="true">
        <mousefunction xmlns="http://www.logitech.com/Cassandra/2010.1/Macros/MouseFunction">
          <do task="rightclick"/>
        </mousefunction>
      </macro>
      <macro name="Middle Click" hidden="false" color="4278246655" guid="{8B615B23-6FDC-4430-9E57-E5CCBCAC4575}" original="true">
        <mousefunction xmlns="http://www.logitech.com/Cassandra/2010.1/Macros/MouseFunction">
          <do task="middleclick"/>
        </mousefunction>
      </macro>
      <macro name="Back" hidden="false" color="4278246655" guid="{A0D817F6-1D5D-483B-ADD0-2634CD93D42A}" original="true">
        <mousefunction xmlns="http://www.logitech.com/Cassandra/2010.1/Macros/MouseFunction">
          <do task="back"/>
        </mousefunction>
      </macro>
      <macro name="Forward" hidden="false" color="4278246655" guid="{8B13562D-60F2-460F-9588-8C84168C81BC}" original="true">
        <mousefunction xmlns="http://www.logitech.com/Cassandra/2010.1/Macros/MouseFunction">
          <do task="forward"/>
        </mousefunction>
      </macro>
      <macro name="DPI Up" devicecategory="Logitech.Gaming.Mouse" hidden="false" color="4278246655" guid="{68A1C0B2-2996-4992-9CC5-3285AC8E9740}" original="true">
        <mousefunction xmlns="http://www.logitech.com/Cassandra/2010.1/Macros/MouseFunction">
          <do task="dpiup"/>
        </mousefunction>
      </macro>
      <macro name="DPI Down" devicecategory="Logitech.Gaming.Mouse" hidden="false" color="4278246655" guid="{12C9716B-4D7A-4F6F-AF20-A0369219119A}" original="true">
        <mousefunction xmlns="http://www.logitech.com/Cassandra/2010.1/Macros/MouseFunction">
          <do task="dpidown"/>
        </mousefunction>
      </macro>
      <macro name="Default DPI" devicecategory="Logitech.Gaming.Mouse" hidden="false" color="4278246655" guid="{89F0C712-9AF7-4099-9C53-1868BF5B9A4E}" original="true">
        <mousefunction xmlns="http://www.logitech.com/Cassandra/2010.1/Macros/MouseFunction">
          <do task="defaultdpi"/>
        </mousefunction>
      </macro>
      <macro name="Mode Switch (G300/s)" devicecategory="Logitech.Gaming.Mouse.G300" hidden="false" color="4278246655" guid="{53E81537-5916-4AB3-B052-ABF88B5DD218}" original="true">
        <mousefunction xmlns="http://www.logitech.com/Cassandra/2010.1/Macros/MouseFunction">
          <do task="modeswitch"/>
        </mousefunction>
      </macro>
      <macro name="DPI Shift" devicecategory="Logitech.Gaming.Mouse" hidden="false" color="4278246655" guid="{A1FEC5BC-9A8A-49C5-B085-0E2EDCEF1F55}" original="true">
        <mousefunction xmlns="http://www.logitech.com/Cassandra/2010.1/Macros/MouseFunction">
          <do task="dpishift"/>
        </mousefunction>
      </macro>
      <macro name="DPI Cycling" devicecategory="Logitech.Gaming.Mouse" hidden="false" color="4278246655" guid="{28F1F32A-678A-4CD8-A0F4-41283A737EFC}" original="true">
        <mousefunction xmlns="http://www.logitech.com/Cassandra/2010.1/Macros/MouseFunction">
          <do task="dpicycling"/>
        </mousefunction>
      </macro>
      <macro name="Paste" hidden="false" color="4278246655" guid="{5638A489-F156-4122-A7DB-E0F880FACC0E}" original="true">
        <hotkeys xmlns="http://www.logitech.com/Cassandra/2010.1/Macros/Hotkeys">
          <do task="paste"/>
        </hotkeys>
      </macro>
      <macro name="F1" hidden="true" color="4278246655" guid="{D5AC487F-B970-4F70-9B59-6EC8A53684A4}" original="true">
        <natural xmlns="http://www.logitech.com/Cassandra/2010.1/Macros/Natural"/>
      </macro>
      <macro name="F2" hidden="true" color="4278246655" guid="{015CB0BB-B7EB-4A20-BFFD-8825E388F894}" original="true">
        <natural xmlns="http://www.logitech.com/Cassandra/2010.1/Macros/Natural"/>
      </macro>
      <macro name="F3" hidden="true" color="4278246655" guid="{7A014AFE-618E-43D6-B296-D61483211066}" original="true">
        <natural xmlns="http://www.logitech.com/Cassandra/2010.1/Macros/Natural"/>
      </macro>
      <macro name="F4" hidden="true" color="4278246655" guid="{DA05951F-18ED-44E6-9BA6-E08937AA880B}" original="true">
        <natural xmlns="http://www.logitech.com/Cassandra/2010.1/Macros/Natural"/>
      </macro>
      <macro name="F5" hidden="true" color="4278246655" guid="{4A68DBDE-D3B9-4E9E-A6D9-28EF552BE9DD}" original="true">
        <natural xmlns="http://www.logitech.com/Cassandra/2010.1/Macros/Natural"/>
      </macro>
      <macro name="F6" hidden="true" color="4278246655" guid="{1F2CC23B-86C8-4FBA-B4CE-9F025459FAE4}" original="true">
        <natural xmlns="http://www.logitech.com/Cassandra/2010.1/Macros/Natural"/>
      </macro>
      <macro name="F7" hidden="true" color="4278246655" guid="{9E4F6006-03FB-44AC-85CF-14A74BA0C126}" original="true">
        <natural xmlns="http://www.logitech.com/Cassandra/2010.1/Macros/Natural"/>
      </macro>
      <macro name="F8" hidden="true" color="4278246655" guid="{3D087F0F-971C-4E23-860B-ACE762C96CC4}" original="true">
        <natural xmlns="http://www.logitech.com/Cassandra/2010.1/Macros/Natural"/>
      </macro>
      <macro name="F9" hidden="true" color="4278246655" guid="{E8744FC0-9710-45E8-A427-7BA80359FE68}" original="true">
        <natural xmlns="http://www.logitech.com/Cassandra/2010.1/Macros/Natural"/>
      </macro>
      <macro name="F10" hidden="true" color="4278246655" guid="{D5A173BE-C5B3-4C75-89CE-162E33876F5B}" original="true">
        <natural xmlns="http://www.logitech.com/Cassandra/2010.1/Macros/Natural"/>
      </macro>
      <macro name="F11" hidden="true" color="4278246655" guid="{E29676E8-DC26-4518-A319-952C4A3D3D35}" original="true">
        <natural xmlns="http://www.logitech.com/Cassandra/2010.1/Macros/Natural"/>
      </macro>
      <macro name="F12" hidden="true" color="4278246655" guid="{7016AAD1-1A1C-4301-9441-1DB8A854E81E}" original="true">
        <natural xmlns="http://www.logitech.com/Cassandra/2010.1/Macros/Natural"/>
      </macro>
      <macro name="Next Track" hidden="true" color="4278246655" guid="{9D802C39-DD36-4DF0-B3F1-B43D58902E2F}" original="true">
        <media xmlns="http://www.logitech.com/Cassandra/2010.1/Macros/Media">
          <do task="nexttrack"/>
        </media>
      </macro>
      <macro name="Next Track" hidden="false" color="4278246655" guid="{AB51DDAE-72F0-44F6-837B-A943EDD39F7D}" original="true">
        <media xmlns="http://www.logitech.com/Cassandra/2010.1/Macros/Media">
          <do task="nexttrack"/>
        </media>
      </macro>
      <macro name="Play/Pause" hidden="true" color="4278246655" guid="{A5D43878-C925-43E4-A72F-2F0100A8EC2B}" original="true">
        <media xmlns="http://www.logitech.com/Cassandra/2010.1/Macros/Media">
          <do task="playpause"/>
        </media>
      </macro>
      <macro name="Play/Pause" hidden="false" color="4278246655" guid="{589D07BB-6656-4ABF-BE76-56411016C5E7}" original="true">
        <media xmlns="http://www.logitech.com/Cassandra/2010.1/Macros/Media">
          <do task="playpause"/>
        </media>
      </macro>
      <macro name="Previous Track" hidden="true" color="4278246655" guid="{21AD6554-7CCC-427C-BEDB-848AB6273D0D}" original="true">
        <media xmlns="http://www.logitech.com/Cassandra/2010.1/Macros/Media">
          <do task="previoustrack"/>
        </media>
      </macro>
      <macro name="Previous Track" hidden="false" color="4278246655" guid="{3A8AE7F5-A540-405D-9422-E581AC7FC811}" original="true">
        <media xmlns="http://www.logitech.com/Cassandra/2010.1/Macros/Media">
          <do task="previoustrack"/>
        </media>
      </macro>
      <macro name="Scroll Left" hidden="false" color="4278246655" guid="{B85A4FE2-C01F-4797-B6C1-8CAA9DE73477}" original="true">
        <mousefunction xmlns="http://www.logitech.com/Cassandra/2010.1/Macros/MouseFunction">
          <do task="scrollleft"/>
        </mousefunction>
      </macro>
      <macro name="Scroll Right" hidden="false" color="4278246655" guid="{7CAC164A-5CBB-4FA5-AD99-D6A5F0C8198A}" original="true">
        <mousefunction xmlns="http://www.logitech.com/Cassandra/2010.1/Macros/MouseFunction">
          <do task="scrollright"/>
        </mousefunction>
      </macro>
      <macro name="Jump" hidden="false" color="4278246655" guid="{DCF50AE2-0015-4381-0002-4F0F5A9E9803}" original="true">
        <keystroke xmlns="http://www.logitech.com/Cassandra/2010.1/Macros/Keystroke">
          <key value="SPACEBAR"/>
        </keystroke>
      </macro>
      <macro name="Forward" hidden="false" color="4278246655" guid="{D9ED5310-3F5A-42C8-803C-32CF24C0A3CE}">
        <keystroke xmlns="http://www.logitech.com/Cassandra/2010.1/Macros/Keystroke">
          <key value="W"/>
        </keystroke>
      </macro>
      <macro backupguid="{D9ED5310-3F5A-42C8-803C-32CF24C0A3CE}" name="W" hidden="false" color="4278246655" guid="{69C8677F-9261-4E7E-9FE7-1800E19AFD59}">
        <keystroke xmlns="http://www.logitech.com/Cassandra/2010.1/Macros/Keystroke">
          <key value="W"/>
        </keystroke>
      </macro>
      <macro name="Backward" hidden="false" color="4278246655" guid="{719E14B7-92C8-4231-AD72-C30450EBFC10}">
        <keystroke xmlns="http://www.logitech.com/Cassandra/2010.1/Macros/Keystroke">
          <key value="S"/>
        </keystroke>
      </macro>
      <macro backupguid="{719E14B7-92C8-4231-AD72-C30450EBFC10}" name="S" hidden="false" color="4278246655" guid="{24F9A1F1-5F91-496F-BF07-B9017FDFCE01}">
        <keystroke xmlns="http://www.logitech.com/Cassandra/2010.1/Macros/Keystroke">
          <key value="S"/>
        </keystroke>
      </macro>
      <macro name="Left" hidden="false" color="4278246655" guid="{63BE7C7A-4937-4CC4-89A1-EA58900D686A}">
        <keystroke xmlns="http://www.logitech.com/Cassandra/2010.1/Macros/Keystroke">
          <key value="A"/>
        </keystroke>
      </macro>
      <macro backupguid="{63BE7C7A-4937-4CC4-89A1-EA58900D686A}" name="A" hidden="false" color="4278246655" guid="{677EF971-EB27-4629-B376-73259E47FDF1}">
        <keystroke xmlns="http://www.logitech.com/Cassandra/2010.1/Macros/Keystroke">
          <key value="A"/>
        </keystroke>
      </macro>
      <macro name="Right" hidden="false" color="4278246655" guid="{438FEFE1-A4AC-40C2-9247-B31379391066}">
        <keystroke xmlns="http://www.logitech.com/Cassandra/2010.1/Macros/Keystroke">
          <key value="D"/>
        </keystroke>
      </macro>
      <macro backupguid="{438FEFE1-A4AC-40C2-9247-B31379391066}" name="D" hidden="false" color="4278246655" guid="{E5667561-203B-4772-8720-35BDBB5E6597}">
        <keystroke xmlns="http://www.logitech.com/Cassandra/2010.1/Macros/Keystroke">
          <key value="D"/>
        </keystroke>
      </macro>
      <macro backupguid="{35060C60-D9F5-4F61-B7F0-351005026E00}" name="E" hidden="false" color="4278246655" guid="{B91CFA1D-B6D9-4CF4-8C49-70EC4399F043}">
        <keystroke xmlns="http://www.logitech.com/Cassandra/2010.1/Macros/Keystroke">
          <key value="E"/>
        </keystroke>
      </macro>
      <macro name="Reload" hidden="false" color="4278246655" guid="{CEBC90AE-8677-4F05-BA4F-A8436AC9EAB6}">
        <keystroke xmlns="http://www.logitech.com/Cassandra/2010.1/Macros/Keystroke">
          <key value="R"/>
        </keystroke>
      </macro>
      <macro backupguid="{CEBC90AE-8677-4F05-BA4F-A8436AC9EAB6}" name="R" hidden="false" color="4278246655" guid="{D051AA80-CAA6-46C9-A044-30D3B8F5B7B9}">
        <keystroke xmlns="http://www.logitech.com/Cassandra/2010.1/Macros/Keystroke">
          <key value="R"/>
        </keystroke>
      </macro>
      <macro name="Crouch" hidden="false" color="4278246655" guid="{6631B94C-725B-4541-B7FD-E0FEDA3156F3}">
        <keystroke xmlns="http://www.logitech.com/Cassandra/2010.1/Macros/Keystroke">
          <key value="LCTRL"/>
        </keystroke>
      </macro>
      <macro backupguid="{6631B94C-725B-4541-B7FD-E0FEDA3156F3}" name="LCTRL" hidden="false" color="4278246655" guid="{980780EE-39E5-41A4-9C5B-9B52CEE9B382}">
        <keystroke xmlns="http://www.logitech.com/Cassandra/2010.1/Macros/Keystroke">
          <key value="LCTRL"/>
        </keystroke>
      </macro>
      <macro backupguid="{012C64E4-210B-4199-97BC-F051CE3488E6}" name="SPACEBAR" hidden="false" color="4278246655" guid="{08A7C85A-FCAC-4333-94F8-45265B38DA3A}">
        <keystroke xmlns="http://www.logitech.com/Cassandra/2010.1/Macros/Keystroke">
          <key value="SPACEBAR"/>
        </keystroke>
      </macro>
      <macro name="Sprint" hidden="false" color="4278246655" guid="{B6A5C255-A379-498D-AAD9-290F1EB43B98}">
        <keystroke xmlns="http://www.logitech.com/Cassandra/2010.1/Macros/Keystroke">
          <key value="LSHIFT"/>
        </keystroke>
      </macro>
      <macro backupguid="{B6A5C255-A379-498D-AAD9-290F1EB43B98}" name="LSHIFT" hidden="false" color="4278246655" guid="{AA441913-F44F-41CC-8841-1958A4E52AC1}">
        <keystroke xmlns="http://www.logitech.com/Cassandra/2010.1/Macros/Keystroke">
          <key value="LSHIFT"/>
        </keystroke>
      </macro>
      <macro name="Pickup" hidden="false" color="4278246655" guid="{33F8DE88-FEAC-42ED-BA8A-3C4755FA6D67}">
        <keystroke xmlns="http://www.logitech.com/Cassandra/2010.1/Macros/Keystroke">
          <key value="V"/>
        </keystroke>
      </macro>
      <macro backupguid="{33F8DE88-FEAC-42ED-BA8A-3C4755FA6D67}" name="V" hidden="false" color="4278246655" guid="{61DC27B7-7D63-4DCE-82A9-7F2F395746D8}">
        <keystroke xmlns="http://www.logitech.com/Cassandra/2010.1/Macros/Keystroke">
          <key value="V"/>
        </keystroke>
      </macro>
      <macro name="Use Skill" hidden="false" color="4278246655" guid="{088F6952-C5AF-4CD9-8596-C1744B12501F}">
        <keystroke xmlns="http://www.logitech.com/Cassandra/2010.1/Macros/Keystroke">
          <key value="Q"/>
        </keystroke>
      </macro>
      <macro backupguid="{088F6952-C5AF-4CD9-8596-C1744B12501F}" name="Q" hidden="false" color="4278246655" guid="{C0A98855-FCFE-487A-81A2-266C1701F0FD}">
        <keystroke xmlns="http://www.logitech.com/Cassandra/2010.1/Macros/Keystroke">
          <key value="Q"/>
        </keystroke>
      </macro>
      <macro name="Interact" hidden="false" color="4278246655" guid="{35060C60-D9F5-4F61-B7F0-351005026E00}">
        <keystroke xmlns="http://www.logitech.com/Cassandra/2010.1/Macros/Keystroke">
          <key value="E"/>
        </keystroke>
      </macro>
      <macro name="Gernade" hidden="false" color="4278246655" guid="{C76A7B08-F7A1-4CB1-A05B-F376B76FEB3C}">
        <keystroke xmlns="http://www.logitech.com/Cassandra/2010.1/Macros/Keystroke">
          <key value="G"/>
        </keystroke>
      </macro>
      <macro backupguid="{C76A7B08-F7A1-4CB1-A05B-F376B76FEB3C}" name="G" hidden="false" color="4278246655" guid="{02FF4EDF-7D67-4DB2-8B68-AF43B3FE069D}">
        <keystroke xmlns="http://www.logitech.com/Cassandra/2010.1/Macros/Keystroke">
          <key value="G"/>
        </keystroke>
      </macro>
      <macro backupguid="{DCF50AE2-0012-4381-0002-4F0F5A9E9803}" name="Melee" hidden="false" color="4278246655" guid="{8A756E80-8787-4CA5-8A13-B4A192741E6B}">
        <keystroke xmlns="http://www.logitech.com/Cassandra/2010.1/Macros/Keystroke">
          <key value="V"/>
        </keystroke>
      </macro>
      <macro name="Primary Weapon" hidden="false" color="4278246655" guid="{0E5FBC48-AEF2-4D47-AB9A-52FF8DE7A581}">
        <keystroke xmlns="http://www.logitech.com/Cassandra/2010.1/Macros/Keystroke">
          <key value="1"/>
        </keystroke>
      </macro>
      <macro backupguid="{0E5FBC48-AEF2-4D47-AB9A-52FF8DE7A581}" name="1" hidden="false" color="4278246655" guid="{B01AB9D4-066C-40B8-B4DD-DC000BD51758}">
        <keystroke xmlns="http://www.logitech.com/Cassandra/2010.1/Macros/Keystroke">
          <key value="1"/>
        </keystroke>
      </macro>
      <macro name="Secondary Weapon" hidden="false" color="4278246655" guid="{244636E5-5C47-4982-8A76-E216A920F49F}">
        <keystroke xmlns="http://www.logitech.com/Cassandra/2010.1/Macros/Keystroke">
          <key value="2"/>
        </keystroke>
      </macro>
      <macro backupguid="{244636E5-5C47-4982-8A76-E216A920F49F}" name="2" hidden="false" color="4278246655" guid="{377BB0B6-291D-44D2-826F-B4E9A2FDF2FA}">
        <keystroke xmlns="http://www.logitech.com/Cassandra/2010.1/Macros/Keystroke">
          <key value="2"/>
        </keystroke>
      </macro>
      <macro name="Melee Weapon" hidden="false" color="4278246655" guid="{7C5CEB62-4CC5-425F-A442-8ADB5C713D73}">
        <keystroke xmlns="http://www.logitech.com/Cassandra/2010.1/Macros/Keystroke">
          <key value="3"/>
        </keystroke>
      </macro>
      <macro backupguid="{7C5CEB62-4CC5-425F-A442-8ADB5C713D73}" name="3" hidden="false" color="4278246655" guid="{26AE22FA-5A2B-4308-A8A9-974B94EDF258}">
        <keystroke xmlns="http://www.logitech.com/Cassandra/2010.1/Macros/Keystroke">
          <key value="3"/>
        </keystroke>
      </macro>
      <macro name="Thrown Weapon" hidden="false" color="4278246655" guid="{585D6928-6DA4-4865-A4CD-6E6A40687F75}">
        <keystroke xmlns="http://www.logitech.com/Cassandra/2010.1/Macros/Keystroke">
          <key value="4"/>
        </keystroke>
      </macro>
      <macro backupguid="{585D6928-6DA4-4865-A4CD-6E6A40687F75}" name="4" hidden="false" color="4278246655" guid="{29048F29-0A2C-40D4-A024-3B6E5F86D884}">
        <keystroke xmlns="http://www.logitech.com/Cassandra/2010.1/Macros/Keystroke">
          <key value="4"/>
        </keystroke>
      </macro>
      <macro backupguid="{793AC04D-F6DB-4E47-8D93-068B95FD54E3}" name="5" hidden="false" color="4278246655" guid="{4331CD0C-60AD-450F-9D0F-8E3FBF225C67}">
        <keystroke xmlns="http://www.logitech.com/Cassandra/2010.1/Macros/Keystroke">
          <key value="5"/>
        </keystroke>
      </macro>
      <macro backupguid="{CB9CC75B-A8ED-444E-8EDB-B28802D714CF}" name="6" hidden="false" color="4278246655" guid="{27347307-C60A-41BF-B47E-157F6D1A0E80}">
        <keystroke xmlns="http://www.logitech.com/Cassandra/2010.1/Macros/Keystroke">
          <key value="6"/>
        </keystroke>
      </macro>
      <macro backupguid="{D0AE6D96-FA68-44C3-9962-F25237E48823}" name="7" hidden="false" color="4278246655" guid="{A249B195-C006-4FA9-82B8-56F9671E154D}">
        <keystroke xmlns="http://www.logitech.com/Cassandra/2010.1/Macros/Keystroke">
          <key value="7"/>
        </keystroke>
      </macro>
      <macro backupguid="{6FDA729B-2DD1-4505-9693-A8D2CC88A956}" name="8" hidden="false" color="4278246655" guid="{73DC55D2-3A0D-4C1E-8AE0-31115216A409}">
        <keystroke xmlns="http://www.logitech.com/Cassandra/2010.1/Macros/Keystroke">
          <key value="8"/>
        </keystroke>
      </macro>
      <macro backupguid="{F7899D9E-8B25-45CB-B4BC-AAF99E4C87D4}" name="Copy" hidden="false" color="4278246655" guid="{6A719EFB-DA3E-43E8-ADEC-CF29376ED2F3}">
        <hotkeys xmlns="http://www.logitech.com/Cassandra/2010.1/Macros/Hotkeys">
          <do task="copy"/>
        </hotkeys>
      </macro>
      <macro backupguid="{2F5C8F56-C184-4143-8852-2EB924626DCC}" name="Cut" hidden="false" color="4278246655" guid="{A21EEEB0-2EA4-4249-98C7-A2C4DCA60EC7}">
        <hotkeys xmlns="http://www.logitech.com/Cassandra/2010.1/Macros/Hotkeys">
          <do task="cut"/>
        </hotkeys>
      </macro>
      <macro backupguid="{0BD1FF8D-B460-46A4-9866-EAFB2ECF3617}" name="C" hidden="false" color="4278246655" guid="{E54B2AC2-D000-442B-8FA1-6C003A65D3C5}">
        <keystroke xmlns="http://www.logitech.com/Cassandra/2010.1/Macros/Keystroke">
          <key value="C"/>
        </keystroke>
      </macro>
      <macro name="Esc" hidden="false" color="4278246655" guid="{6F46463F-6393-4C72-AA50-E9822F47D15D}">
        <keystroke xmlns="http://www.logitech.com/Cassandra/2010.1/Macros/Keystroke">
          <key value="ESCAPE"/>
        </keystroke>
      </macro>
      <macro name="Scoreboard" hidden="false" color="4278246655" guid="{569B3CF7-7D76-4E72-94A3-D8B6DA43C6A2}">
        <keystroke xmlns="http://www.logitech.com/Cassandra/2010.1/Macros/Keystroke">
          <key value="TAB"/>
        </keystroke>
      </macro>
      <macro backupguid="{569B3CF7-7D76-4E72-94A3-D8B6DA43C6A2}" name="T" hidden="false" color="4278246655" guid="{9C6C2274-8168-43A5-8121-E663DACFE578}">
        <keystroke xmlns="http://www.logitech.com/Cassandra/2010.1/Macros/Keystroke">
          <key value="T"/>
        </keystroke>
      </macro>
      <macro name="Last Weapon" hidden="false" color="4278246655" guid="{053C4FB8-E85A-4993-9C29-6E504C75DB2F}">
        <keystroke xmlns="http://www.logitech.com/Cassandra/2010.1/Macros/Keystroke">
          <key value="F"/>
        </keystroke>
      </macro>
      <macro backupguid="{053C4FB8-E85A-4993-9C29-6E504C75DB2F}" name="F" hidden="false" color="4278246655" guid="{8BB400E3-B49B-4F61-94E4-183721C5F2B0}">
        <keystroke xmlns="http://www.logitech.com/Cassandra/2010.1/Macros/Keystroke">
          <key value="F"/>
        </keystroke>
      </macro>
      <macro name="Radio Message A" hidden="false" color="4278246655" guid="{474C3E34-3395-4059-93C8-3D4076673135}">
        <keystroke xmlns="http://www.logitech.com/Cassandra/2010.1/Macros/Keystroke">
          <key value="Z"/>
        </keystroke>
      </macro>
      <macro backupguid="{474C3E34-3395-4059-93C8-3D4076673135}" name="Z" hidden="false" color="4278246655" guid="{23F6D1DD-0D88-4FFC-AFB5-31FE0CB41071}">
        <keystroke xmlns="http://www.logitech.com/Cassandra/2010.1/Macros/Keystroke">
          <key value="Z"/>
        </keystroke>
      </macro>
      <macro name="Radio Message B" hidden="false" color="4278246655" guid="{AEB183E0-9019-4392-896B-4DAC8330FA67}">
        <keystroke xmlns="http://www.logitech.com/Cassandra/2010.1/Macros/Keystroke">
          <key value="X"/>
        </keystroke>
      </macro>
      <macro backupguid="{AEB183E0-9019-4392-896B-4DAC8330FA67}" name="X" hidden="false" color="4278246655" guid="{0FC23B37-4407-4E6B-BF25-A4343A3BFEB3}">
        <keystroke xmlns="http://www.logitech.com/Cassandra/2010.1/Macros/Keystroke">
          <key value="X"/>
        </keystroke>
      </macro>
      <macro name="Radio Message C" hidden="false" color="4278246655" guid="{B836D18C-BA09-4B3C-8CB6-333C0BF8241B}">
        <keystroke xmlns="http://www.logitech.com/Cassandra/2010.1/Macros/Keystroke">
          <key value="C"/>
        </keystroke>
      </macro>
    </macros>
    <assignments devicecategory="Logitech.Gaming.Function.Keyboard">
      <assignment contextid="G1" macroguid="{D5AC487F-B970-4F70-9B59-6EC8A53684A4}" backup="false" shiftstate="1" original="true"/>
      <assignment contextid="G1" macroguid="{D5AC487F-B970-4F70-9B59-6EC8A53684A4}" backup="false" shiftstate="4" original="true"/>
      <assignment contextid="G2" macroguid="{015CB0BB-B7EB-4A20-BFFD-8825E388F894}" backup="false" shiftstate="1" original="true"/>
      <assignment contextid="G2" macroguid="{015CB0BB-B7EB-4A20-BFFD-8825E388F894}" backup="false" shiftstate="4" original="true"/>
      <assignment contextid="G3" macroguid="{7A014AFE-618E-43D6-B296-D61483211066}" backup="false" shiftstate="1" original="true"/>
      <assignment contextid="G3" macroguid="{7A014AFE-618E-43D6-B296-D61483211066}" backup="false" shiftstate="4" original="true"/>
      <assignment contextid="G4" macroguid="{DA05951F-18ED-44E6-9BA6-E08937AA880B}" backup="false" shiftstate="1" original="true"/>
      <assignment contextid="G4" macroguid="{DA05951F-18ED-44E6-9BA6-E08937AA880B}" backup="false" shiftstate="4" original="true"/>
      <assignment contextid="G5" macroguid="{4A68DBDE-D3B9-4E9E-A6D9-28EF552BE9DD}" backup="false" shiftstate="1" original="true"/>
      <assignment contextid="G5" macroguid="{4A68DBDE-D3B9-4E9E-A6D9-28EF552BE9DD}" backup="false" shiftstate="4" original="true"/>
      <assignment contextid="G6" macroguid="{1F2CC23B-86C8-4FBA-B4CE-9F025459FAE4}" backup="false" shiftstate="1" original="true"/>
      <assignment contextid="G6" macroguid="{1F2CC23B-86C8-4FBA-B4CE-9F025459FAE4}" backup="false" shiftstate="4" original="true"/>
      <assignment contextid="G7" macroguid="{9E4F6006-03FB-44AC-85CF-14A74BA0C126}" backup="false" shiftstate="1" original="true"/>
      <assignment contextid="G7" macroguid="{9E4F6006-03FB-44AC-85CF-14A74BA0C126}" backup="false" shiftstate="4" original="true"/>
      <assignment contextid="G8" macroguid="{3D087F0F-971C-4E23-860B-ACE762C96CC4}" backup="false" shiftstate="1" original="true"/>
      <assignment contextid="G8" macroguid="{3D087F0F-971C-4E23-860B-ACE762C96CC4}" backup="false" shiftstate="4" original="true"/>
      <assignment contextid="G9" macroguid="{E8744FC0-9710-45E8-A427-7BA80359FE68}" backup="false" shiftstate="1" original="true"/>
      <assignment contextid="G9" macroguid="{E8744FC0-9710-45E8-A427-7BA80359FE68}" backup="false" shiftstate="4" original="true"/>
      <assignment contextid="G10" macroguid="{D5A173BE-C5B3-4C75-89CE-162E33876F5B}" backup="false" shiftstate="1" original="true"/>
      <assignment contextid="G10" macroguid="{D5A173BE-C5B3-4C75-89CE-162E33876F5B}" backup="false" shiftstate="4" original="true"/>
      <assignment contextid="G11" macroguid="{E29676E8-DC26-4518-A319-952C4A3D3D35}" backup="false" shiftstate="1" original="true"/>
      <assignment contextid="G11" macroguid="{E29676E8-DC26-4518-A319-952C4A3D3D35}" backup="false" shiftstate="4" original="true"/>
      <assignment contextid="G12" macroguid="{7016AAD1-1A1C-4301-9441-1DB8A854E81E}" backup="false" shiftstate="1" original="true"/>
      <assignment contextid="G12" macroguid="{7016AAD1-1A1C-4301-9441-1DB8A854E81E}" backup="false" shiftstate="4" original="true"/>
    </assignments>
    <assignments devicecategory="Logitech.Gaming.Headset">
      <assignment contextid="G1" macroguid="{AB51DDAE-72F0-44F6-837B-A943EDD39F7D}" backup="false" shiftstate="1" original="true"/>
      <assignment contextid="G2" macroguid="{589D07BB-6656-4ABF-BE76-56411016C5E7}" backup="false" shiftstate="1" original="true"/>
      <assignment contextid="G3" macroguid="{3A8AE7F5-A540-405D-9422-E581AC7FC811}" backup="false" shiftstate="1" original="true"/>
    </assignments>
    <assignments devicecategory="Logitech.Gaming.Keyboard">
      <assignment contextid="G1" macroguid="{FF54FEB5-843F-465A-B8BA-9CAA2C4B70B9}" backup="false" shiftstate="1" original="true"/>
      <assignment contextid="G1" macroguid="{FF54FEB5-843F-465A-B8BA-9CAA2C4B70B9}" backup="false" shiftstate="2" original="true"/>
      <assignment contextid="G1" macroguid="{FF54FEB5-843F-465A-B8BA-9CAA2C4B70B9}" backup="false" shiftstate="3" original="true"/>
      <assignment contextid="G10" macroguid="{002D4039-63A2-4FFB-B9A6-4F2337042B54}" backup="false" shiftstate="1" original="true"/>
      <assignment contextid="G10" macroguid="{002D4039-63A2-4FFB-B9A6-4F2337042B54}" backup="false" shiftstate="2" original="true"/>
      <assignment contextid="G10" macroguid="{002D4039-63A2-4FFB-B9A6-4F2337042B54}" backup="false" shiftstate="3" original="true"/>
      <assignment contextid="G11" macroguid="{E432B456-E65C-4009-9115-FFF884011BEF}" backup="false" shiftstate="1" original="true"/>
      <assignment contextid="G11" macroguid="{E432B456-E65C-4009-9115-FFF884011BEF}" backup="false" shiftstate="2" original="true"/>
      <assignment contextid="G11" macroguid="{E432B456-E65C-4009-9115-FFF884011BEF}" backup="false" shiftstate="3" original="true"/>
      <assignment contextid="G12" macroguid="{A36371DC-A978-440E-85B5-336C2AFCA14F}" backup="false" shiftstate="1" original="true"/>
      <assignment contextid="G12" macroguid="{A36371DC-A978-440E-85B5-336C2AFCA14F}" backup="false" shiftstate="2" original="true"/>
      <assignment contextid="G12" macroguid="{A36371DC-A978-440E-85B5-336C2AFCA14F}" backup="false" shiftstate="3" original="true"/>
      <assignment contextid="G13" macroguid="{0E5FBC48-AEF2-4D47-AB9A-52FF8DE7A581}" backup="false" shiftstate="1" original="false"/>
      <assignment contextid="G13" macroguid="{0E5FBC48-AEF2-4D47-AB9A-52FF8DE7A581}" backup="false" shiftstate="2" original="false"/>
      <assignment contextid="G13" macroguid="{0E5FBC48-AEF2-4D47-AB9A-52FF8DE7A581}" backup="false" shiftstate="3" original="false"/>
      <assignment contextid="G14" macroguid="{244636E5-5C47-4982-8A76-E216A920F49F}" backup="false" shiftstate="1" original="false"/>
      <assignment contextid="G14" macroguid="{244636E5-5C47-4982-8A76-E216A920F49F}" backup="false" shiftstate="2" original="false"/>
      <assignment contextid="G14" macroguid="{244636E5-5C47-4982-8A76-E216A920F49F}" backup="false" shiftstate="3" original="false"/>
      <assignment contextid="G15" macroguid="{7C5CEB62-4CC5-425F-A442-8ADB5C713D73}" backup="false" shiftstate="1" original="false"/>
      <assignment contextid="G15" macroguid="{7C5CEB62-4CC5-425F-A442-8ADB5C713D73}" backup="false" shiftstate="2" original="false"/>
      <assignment contextid="G15" macroguid="{7C5CEB62-4CC5-425F-A442-8ADB5C713D73}" backup="false" shiftstate="3" original="false"/>
      <assignment contextid="G16" macroguid="{585D6928-6DA4-4865-A4CD-6E6A40687F75}" backup="false" shiftstate="1" original="false"/>
      <assignment contextid="G16" macroguid="{585D6928-6DA4-4865-A4CD-6E6A40687F75}" backup="false" shiftstate="2" original="false"/>
      <assignment contextid="G16" macroguid="{585D6928-6DA4-4865-A4CD-6E6A40687F75}" backup="false" shiftstate="3" original="false"/>
      <assignment contextid="G17" macroguid="{793AC04D-F6DB-4E47-8D93-068B95FD54E3}" backup="true" shiftstate="1" original="false"/>
      <assignment contextid="G17" macroguid="{793AC04D-F6DB-4E47-8D93-068B95FD54E3}" backup="true" shiftstate="2" original="false"/>
      <assignment contextid="G17" macroguid="{793AC04D-F6DB-4E47-8D93-068B95FD54E3}" backup="true" shiftstate="3" original="false"/>
      <assignment contextid="G18" macroguid="{CB9CC75B-A8ED-444E-8EDB-B28802D714CF}" backup="true" shiftstate="1" original="false"/>
      <assignment contextid="G18" macroguid="{CB9CC75B-A8ED-444E-8EDB-B28802D714CF}" backup="true" shiftstate="2" original="false"/>
      <assignment contextid="G18" macroguid="{CB9CC75B-A8ED-444E-8EDB-B28802D714CF}" backup="true" shiftstate="3" original="false"/>
      <assignment contextid="G2" macroguid="{1ED530F3-5A13-4EB1-800C-DF0D6873ED88}" backup="false" shiftstate="1" original="true"/>
      <assignment contextid="G2" macroguid="{1ED530F3-5A13-4EB1-800C-DF0D6873ED88}" backup="false" shiftstate="2" original="true"/>
      <assignment contextid="G2" macroguid="{1ED530F3-5A13-4EB1-800C-DF0D6873ED88}" backup="false" shiftstate="3" original="true"/>
      <assignment contextid="G3" macroguid="{B06BEC6C-12A7-4F2A-AC97-BBF7B7EDF353}" backup="false" shiftstate="1" original="true"/>
      <assignment contextid="G3" macroguid="{B06BEC6C-12A7-4F2A-AC97-BBF7B7EDF353}" backup="false" shiftstate="2" original="true"/>
      <assignment contextid="G3" macroguid="{B06BEC6C-12A7-4F2A-AC97-BBF7B7EDF353}" backup="false" shiftstate="3" original="true"/>
      <assignment contextid="G4" macroguid="{33BDD50A-3E5C-4EE3-A440-91C2A94230CB}" backup="false" shiftstate="1" original="true"/>
      <assignment contextid="G4" macroguid="{33BDD50A-3E5C-4EE3-A440-91C2A94230CB}" backup="false" shiftstate="2" original="true"/>
      <assignment contextid="G4" macroguid="{33BDD50A-3E5C-4EE3-A440-91C2A94230CB}" backup="false" shiftstate="3" original="true"/>
      <assignment contextid="G5" macroguid="{FA55D2A3-9611-4B9A-8705-17C74B82FB64}" backup="false" shiftstate="1" original="true"/>
      <assignment contextid="G5" macroguid="{FA55D2A3-9611-4B9A-8705-17C74B82FB64}" backup="false" shiftstate="2" original="true"/>
      <assignment contextid="G5" macroguid="{FA55D2A3-9611-4B9A-8705-17C74B82FB64}" backup="false" shiftstate="3" original="true"/>
      <assignment contextid="G6" macroguid="{035A0274-52FD-4530-A7B9-EB66B6BEB647}" backup="false" shiftstate="1" original="true"/>
      <assignment contextid="G6" macroguid="{035A0274-52FD-4530-A7B9-EB66B6BEB647}" backup="false" shiftstate="2" original="true"/>
      <assignment contextid="G6" macroguid="{035A0274-52FD-4530-A7B9-EB66B6BEB647}" backup="false" shiftstate="3" original="true"/>
      <assignment contextid="G7" macroguid="{2FDFE890-93C0-4BDB-851B-03D0E06337C1}" backup="false" shiftstate="1" original="true"/>
      <assignment contextid="G7" macroguid="{2FDFE890-93C0-4BDB-851B-03D0E06337C1}" backup="false" shiftstate="2" original="true"/>
      <assignment contextid="G7" macroguid="{2FDFE890-93C0-4BDB-851B-03D0E06337C1}" backup="false" shiftstate="3" original="true"/>
      <assignment contextid="G8" macroguid="{23A95548-5C2F-423A-A76C-0A341F636BF5}" backup="false" shiftstate="1" original="true"/>
      <assignment contextid="G8" macroguid="{23A95548-5C2F-423A-A76C-0A341F636BF5}" backup="false" shiftstate="2" original="true"/>
      <assignment contextid="G8" macroguid="{23A95548-5C2F-423A-A76C-0A341F636BF5}" backup="false" shiftstate="3" original="true"/>
      <assignment contextid="G9" macroguid="{A83EA296-1C6B-4523-996A-69D7830524CD}" backup="false" shiftstate="1" original="true"/>
      <assignment contextid="G9" macroguid="{A83EA296-1C6B-4523-996A-69D7830524CD}" backup="false" shiftstate="2" original="true"/>
      <assignment contextid="G9" macroguid="{A83EA296-1C6B-4523-996A-69D7830524CD}" backup="false" shiftstate="3" original="true"/>
      <assignment contextid="G13" macroguid="{0E5FBC48-AEF2-4D47-AB9A-52FF8DE7A581}" backup="true" shiftstate="1" original="false"/>
      <assignment contextid="G13" macroguid="{0E5FBC48-AEF2-4D47-AB9A-52FF8DE7A581}" backup="true" shiftstate="2" original="false"/>
      <assignment contextid="G13" macroguid="{0E5FBC48-AEF2-4D47-AB9A-52FF8DE7A581}" backup="true" shiftstate="3" original="false"/>
      <assignment contextid="G14" macroguid="{244636E5-5C47-4982-8A76-E216A920F49F}" backup="true" shiftstate="1" original="false"/>
      <assignment contextid="G14" macroguid="{244636E5-5C47-4982-8A76-E216A920F49F}" backup="true" shiftstate="2" original="false"/>
      <assignment contextid="G14" macroguid="{244636E5-5C47-4982-8A76-E216A920F49F}" backup="true" shiftstate="3" original="false"/>
      <assignment contextid="G15" macroguid="{7C5CEB62-4CC5-425F-A442-8ADB5C713D73}" backup="true" shiftstate="1" original="false"/>
      <assignment contextid="G15" macroguid="{7C5CEB62-4CC5-425F-A442-8ADB5C713D73}" backup="true" shiftstate="2" original="false"/>
      <assignment contextid="G15" macroguid="{7C5CEB62-4CC5-425F-A442-8ADB5C713D73}" backup="true" shiftstate="3" original="false"/>
      <assignment contextid="G16" macroguid="{585D6928-6DA4-4865-A4CD-6E6A40687F75}" backup="true" shiftstate="1" original="false"/>
      <assignment contextid="G16" macroguid="{585D6928-6DA4-4865-A4CD-6E6A40687F75}" backup="true" shiftstate="2" original="false"/>
      <assignment contextid="G16" macroguid="{585D6928-6DA4-4865-A4CD-6E6A40687F75}" backup="true" shiftstate="3" original="false"/>
    </assignments>
    <assignments devicecategory="Logitech.Gaming.LeftHandedController">
      <assignment contextid="G1" macroguid="{0E5FBC48-AEF2-4D47-AB9A-52FF8DE7A581}" backup="true" shiftstate="1" original="false"/>
      <assignment contextid="G1" macroguid="{0E5FBC48-AEF2-4D47-AB9A-52FF8DE7A581}" backup="false" shiftstate="2" original="false"/>
      <assignment contextid="G1" macroguid="{0E5FBC48-AEF2-4D47-AB9A-52FF8DE7A581}" backup="false" shiftstate="3" original="false"/>
      <assignment contextid="G10" macroguid="{63BE7C7A-4937-4CC4-89A1-EA58900D686A}" backup="false" shiftstate="1" original="false"/>
      <assignment contextid="G10" macroguid="{63BE7C7A-4937-4CC4-89A1-EA58900D686A}" backup="false" shiftstate="2" original="false"/>
      <assignment contextid="G10" macroguid="{63BE7C7A-4937-4CC4-89A1-EA58900D686A}" backup="false" shiftstate="3" original="false"/>
      <assignment contextid="G11" macroguid="{719E14B7-92C8-4231-AD72-C30450EBFC10}" backup="false" shiftstate="1" original="false"/>
      <assignment contextid="G11" macroguid="{719E14B7-92C8-4231-AD72-C30450EBFC10}" backup="false" shiftstate="2" original="false"/>
      <assignment contextid="G11" macroguid="{719E14B7-92C8-4231-AD72-C30450EBFC10}" backup="false" shiftstate="3" original="false"/>
      <assignment contextid="G12" macroguid="{438FEFE1-A4AC-40C2-9247-B31379391066}" backup="false" shiftstate="1" original="false"/>
      <assignment contextid="G12" macroguid="{438FEFE1-A4AC-40C2-9247-B31379391066}" backup="false" shiftstate="2" original="false"/>
      <assignment contextid="G12" macroguid="{438FEFE1-A4AC-40C2-9247-B31379391066}" backup="false" shiftstate="3" original="false"/>
      <assignment contextid="G13" macroguid="{053C4FB8-E85A-4993-9C29-6E504C75DB2F}" backup="true" shiftstate="1" original="false"/>
      <assignment contextid="G13" macroguid="{053C4FB8-E85A-4993-9C29-6E504C75DB2F}" backup="false" shiftstate="2" original="false"/>
      <assignment contextid="G13" macroguid="{053C4FB8-E85A-4993-9C29-6E504C75DB2F}" backup="false" shiftstate="3" original="false"/>
      <assignment contextid="G14" macroguid="{C76A7B08-F7A1-4CB1-A05B-F376B76FEB3C}" backup="false" shiftstate="2" original="false"/>
      <assignment contextid="G14" macroguid="{C76A7B08-F7A1-4CB1-A05B-F376B76FEB3C}" backup="false" shiftstate="3" original="false"/>
      <assignment contextid="G15" macroguid="{B6A5C255-A379-498D-AAD9-290F1EB43B98}" backup="false" shiftstate="1" original="false"/>
      <assignment contextid="G15" macroguid="{B6A5C255-A379-498D-AAD9-290F1EB43B98}" backup="false" shiftstate="2" original="false"/>
      <assignment contextid="G15" macroguid="{B6A5C255-A379-498D-AAD9-290F1EB43B98}" backup="false" shiftstate="3" original="false"/>
      <assignment contextid="G16" macroguid="{474C3E34-3395-4059-93C8-3D4076673135}" backup="false" shiftstate="2" original="false"/>
      <assignment contextid="G16" macroguid="{474C3E34-3395-4059-93C8-3D4076673135}" backup="false" shiftstate="3" original="false"/>
      <assignment contextid="G17" macroguid="{AEB183E0-9019-4392-896B-4DAC8330FA67}" backup="false" shiftstate="2" original="false"/>
      <assignment contextid="G17" macroguid="{AEB183E0-9019-4392-896B-4DAC8330FA67}" backup="false" shiftstate="3" original="false"/>
      <assignment contextid="G18" macroguid="{0BD1FF8D-B460-46A4-9866-EAFB2ECF3617}" backup="true" shiftstate="1" original="false"/>
      <assignment contextid="G18" macroguid="{0BD1FF8D-B460-46A4-9866-EAFB2ECF3617}" backup="true" shiftstate="2" original="false"/>
      <assignment contextid="G18" macroguid="{0BD1FF8D-B460-46A4-9866-EAFB2ECF3617}" backup="true" shiftstate="3" original="false"/>
      <assignment contextid="G19" macroguid="{33F8DE88-FEAC-42ED-BA8A-3C4755FA6D67}" backup="false" shiftstate="2" original="false"/>
      <assignment contextid="G19" macroguid="{33F8DE88-FEAC-42ED-BA8A-3C4755FA6D67}" backup="false" shiftstate="3" original="false"/>
      <assignment contextid="G2" macroguid="{244636E5-5C47-4982-8A76-E216A920F49F}" backup="true" shiftstate="1" original="false"/>
      <assignment contextid="G2" macroguid="{244636E5-5C47-4982-8A76-E216A920F49F}" backup="false" shiftstate="2" original="false"/>
      <assignment contextid="G2" macroguid="{244636E5-5C47-4982-8A76-E216A920F49F}" backup="false" shiftstate="3" original="false"/>
      <assignment contextid="G20" macroguid="{6631B94C-725B-4541-B7FD-E0FEDA3156F3}" backup="false" shiftstate="2" original="false"/>
      <assignment contextid="G20" macroguid="{6631B94C-725B-4541-B7FD-E0FEDA3156F3}" backup="false" shiftstate="3" original="false"/>
      <assignment contextid="G21" macroguid="{93ECFD56-95ED-4B57-A385-8CF72DB5F6B6}" backup="true" shiftstate="1" original="false"/>
      <assignment contextid="G21" macroguid="{93ECFD56-95ED-4B57-A385-8CF72DB5F6B6}" backup="false" shiftstate="2" original="true"/>
      <assignment contextid="G21" macroguid="{93ECFD56-95ED-4B57-A385-8CF72DB5F6B6}" backup="false" shiftstate="3" original="true"/>
      <assignment contextid="G23" macroguid="{CB9CC75B-A8ED-444E-8EDB-B28802D714CF}" backup="true" shiftstate="1" original="false"/>
      <assignment contextid="G23" macroguid="{CB9CC75B-A8ED-444E-8EDB-B28802D714CF}" backup="true" shiftstate="2" original="false"/>
      <assignment contextid="G23" macroguid="{CB9CC75B-A8ED-444E-8EDB-B28802D714CF}" backup="true" shiftstate="3" original="false"/>
      <assignment contextid="G24" macroguid="{D0AE6D96-FA68-44C3-9962-F25237E48823}" backup="true" shiftstate="1" original="false"/>
      <assignment contextid="G24" macroguid="{D0AE6D96-FA68-44C3-9962-F25237E48823}" backup="true" shiftstate="2" original="false"/>
      <assignment contextid="G24" macroguid="{D0AE6D96-FA68-44C3-9962-F25237E48823}" backup="true" shiftstate="3" original="false"/>
      <assignment contextid="G25" macroguid="{6FDA729B-2DD1-4505-9693-A8D2CC88A956}" backup="true" shiftstate="1" original="false"/>
      <assignment contextid="G25" macroguid="{6FDA729B-2DD1-4505-9693-A8D2CC88A956}" backup="true" shiftstate="2" original="false"/>
      <assignment contextid="G25" macroguid="{6FDA729B-2DD1-4505-9693-A8D2CC88A956}" backup="true" shiftstate="3" original="false"/>
      <assignment contextid="G26" macroguid="{D9ED5310-3F5A-42C8-803C-32CF24C0A3CE}" backup="false" shiftstate="2" original="false"/>
      <assignment contextid="G26" macroguid="{D9ED5310-3F5A-42C8-803C-32CF24C0A3CE}" backup="false" shiftstate="3" original="false"/>
      <assignment contextid="G27" macroguid="{438FEFE1-A4AC-40C2-9247-B31379391066}" backup="false" shiftstate="2" original="false"/>
      <assignment contextid="G27" macroguid="{438FEFE1-A4AC-40C2-9247-B31379391066}" backup="false" shiftstate="3" original="false"/>
      <assignment contextid="G28" macroguid="{719E14B7-92C8-4231-AD72-C30450EBFC10}" backup="false" shiftstate="2" original="false"/>
      <assignment contextid="G28" macroguid="{719E14B7-92C8-4231-AD72-C30450EBFC10}" backup="false" shiftstate="3" original="false"/>
      <assignment contextid="G29" macroguid="{63BE7C7A-4937-4CC4-89A1-EA58900D686A}" backup="false" shiftstate="2" original="false"/>
      <assignment contextid="G29" macroguid="{63BE7C7A-4937-4CC4-89A1-EA58900D686A}" backup="false" shiftstate="3" original="false"/>
      <assignment contextid="G3" macroguid="{088F6952-C5AF-4CD9-8596-C1744B12501F}" backup="false" shiftstate="2" original="false"/>
      <assignment contextid="G3" macroguid="{088F6952-C5AF-4CD9-8596-C1744B12501F}" backup="false" shiftstate="3" original="false"/>
      <assignment contextid="G4" macroguid="{D9ED5310-3F5A-42C8-803C-32CF24C0A3CE}" backup="false" shiftstate="1" original="false"/>
      <assignment contextid="G4" macroguid="{D9ED5310-3F5A-42C8-803C-32CF24C0A3CE}" backup="false" shiftstate="2" original="false"/>
      <assignment contextid="G4" macroguid="{D9ED5310-3F5A-42C8-803C-32CF24C0A3CE}" backup="false" shiftstate="3" original="false"/>
      <assignment contextid="G5" macroguid="{35060C60-D9F5-4F61-B7F0-351005026E00}" backup="false" shiftstate="2" original="false"/>
      <assignment contextid="G5" macroguid="{35060C60-D9F5-4F61-B7F0-351005026E00}" backup="false" shiftstate="3" original="false"/>
      <assignment contextid="G6" macroguid="{CEBC90AE-8677-4F05-BA4F-A8436AC9EAB6}" backup="false" shiftstate="2" original="false"/>
      <assignment contextid="G6" macroguid="{CEBC90AE-8677-4F05-BA4F-A8436AC9EAB6}" backup="false" shiftstate="3" original="false"/>
      <assignment contextid="G7" macroguid="{569B3CF7-7D76-4E72-94A3-D8B6DA43C6A2}" backup="false" shiftstate="1" original="false"/>
      <assignment contextid="G7" macroguid="{569B3CF7-7D76-4E72-94A3-D8B6DA43C6A2}" backup="false" shiftstate="2" original="false"/>
      <assignment contextid="G7" macroguid="{569B3CF7-7D76-4E72-94A3-D8B6DA43C6A2}" backup="false" shiftstate="3" original="false"/>
      <assignment contextid="G8" macroguid="{7C5CEB62-4CC5-425F-A442-8ADB5C713D73}" backup="true" shiftstate="1" original="false"/>
      <assignment contextid="G8" macroguid="{7C5CEB62-4CC5-425F-A442-8ADB5C713D73}" backup="false" shiftstate="2" original="false"/>
      <assignment contextid="G8" macroguid="{7C5CEB62-4CC5-425F-A442-8ADB5C713D73}" backup="false" shiftstate="3" original="false"/>
      <assignment contextid="G9" macroguid="{585D6928-6DA4-4865-A4CD-6E6A40687F75}" backup="true" shiftstate="1" original="false"/>
      <assignment contextid="G9" macroguid="{585D6928-6DA4-4865-A4CD-6E6A40687F75}" backup="false" shiftstate="2" original="false"/>
      <assignment contextid="G9" macroguid="{585D6928-6DA4-4865-A4CD-6E6A40687F75}" backup="false" shiftstate="3" original="false"/>
      <assignment contextid="G26" macroguid="{D9ED5310-3F5A-42C8-803C-32CF24C0A3CE}" backup="true" shiftstate="1" original="false"/>
      <assignment contextid="G26" macroguid="{D9ED5310-3F5A-42C8-803C-32CF24C0A3CE}" backup="true" shiftstate="2" original="false"/>
      <assignment contextid="G26" macroguid="{D9ED5310-3F5A-42C8-803C-32CF24C0A3CE}" backup="true" shiftstate="3" original="false"/>
      <assignment contextid="G4" macroguid="{D9ED5310-3F5A-42C8-803C-32CF24C0A3CE}" backup="true" shiftstate="1" original="false"/>
      <assignment contextid="G4" macroguid="{D9ED5310-3F5A-42C8-803C-32CF24C0A3CE}" backup="true" shiftstate="2" original="false"/>
      <assignment contextid="G4" macroguid="{D9ED5310-3F5A-42C8-803C-32CF24C0A3CE}" backup="true" shiftstate="3" original="false"/>
      <assignment contextid="G11" macroguid="{719E14B7-92C8-4231-AD72-C30450EBFC10}" backup="true" shiftstate="1" original="false"/>
      <assignment contextid="G11" macroguid="{719E14B7-92C8-4231-AD72-C30450EBFC10}" backup="true" shiftstate="2" original="false"/>
      <assignment contextid="G11" macroguid="{719E14B7-92C8-4231-AD72-C30450EBFC10}" backup="true" shiftstate="3" original="false"/>
      <assignment contextid="G28" macroguid="{719E14B7-92C8-4231-AD72-C30450EBFC10}" backup="true" shiftstate="1" original="false"/>
      <assignment contextid="G28" macroguid="{719E14B7-92C8-4231-AD72-C30450EBFC10}" backup="true" shiftstate="2" original="false"/>
      <assignment contextid="G28" macroguid="{719E14B7-92C8-4231-AD72-C30450EBFC10}" backup="true" shiftstate="3" original="false"/>
      <assignment contextid="G10" macroguid="{63BE7C7A-4937-4CC4-89A1-EA58900D686A}" backup="true" shiftstate="1" original="false"/>
      <assignment contextid="G10" macroguid="{63BE7C7A-4937-4CC4-89A1-EA58900D686A}" backup="true" shiftstate="2" original="false"/>
      <assignment contextid="G10" macroguid="{63BE7C7A-4937-4CC4-89A1-EA58900D686A}" backup="true" shiftstate="3" original="false"/>
      <assignment contextid="G29" macroguid="{63BE7C7A-4937-4CC4-89A1-EA58900D686A}" backup="true" shiftstate="1" original="false"/>
      <assignment contextid="G29" macroguid="{63BE7C7A-4937-4CC4-89A1-EA58900D686A}" backup="true" shiftstate="2" original="false"/>
      <assignment contextid="G29" macroguid="{63BE7C7A-4937-4CC4-89A1-EA58900D686A}" backup="true" shiftstate="3" original="false"/>
      <assignment contextid="G12" macroguid="{438FEFE1-A4AC-40C2-9247-B31379391066}" backup="true" shiftstate="1" original="false"/>
      <assignment contextid="G12" macroguid="{438FEFE1-A4AC-40C2-9247-B31379391066}" backup="true" shiftstate="2" original="false"/>
      <assignment contextid="G12" macroguid="{438FEFE1-A4AC-40C2-9247-B31379391066}" backup="true" shiftstate="3" original="false"/>
      <assignment contextid="G27" macroguid="{438FEFE1-A4AC-40C2-9247-B31379391066}" backup="true" shiftstate="1" original="false"/>
      <assignment contextid="G27" macroguid="{438FEFE1-A4AC-40C2-9247-B31379391066}" backup="true" shiftstate="2" original="false"/>
      <assignment contextid="G27" macroguid="{438FEFE1-A4AC-40C2-9247-B31379391066}" backup="true" shiftstate="3" original="false"/>
      <assignment contextid="G5" macroguid="{35060C60-D9F5-4F61-B7F0-351005026E00}" backup="true" shiftstate="1" original="false"/>
      <assignment contextid="G5" macroguid="{35060C60-D9F5-4F61-B7F0-351005026E00}" backup="true" shiftstate="2" original="false"/>
      <assignment contextid="G5" macroguid="{35060C60-D9F5-4F61-B7F0-351005026E00}" backup="true" shiftstate="3" original="false"/>
      <assignment contextid="G6" macroguid="{CEBC90AE-8677-4F05-BA4F-A8436AC9EAB6}" backup="true" shiftstate="1" original="false"/>
      <assignment contextid="G6" macroguid="{CEBC90AE-8677-4F05-BA4F-A8436AC9EAB6}" backup="true" shiftstate="2" original="false"/>
      <assignment contextid="G6" macroguid="{CEBC90AE-8677-4F05-BA4F-A8436AC9EAB6}" backup="true" shiftstate="3" original="false"/>
      <assignment contextid="G20" macroguid="{6631B94C-725B-4541-B7FD-E0FEDA3156F3}" backup="true" shiftstate="1" original="false"/>
      <assignment contextid="G20" macroguid="{6631B94C-725B-4541-B7FD-E0FEDA3156F3}" backup="true" shiftstate="2" original="false"/>
      <assignment contextid="G20" macroguid="{6631B94C-725B-4541-B7FD-E0FEDA3156F3}" backup="true" shiftstate="3" original="false"/>
      <assignment contextid="G22" macroguid="{012C64E4-210B-4199-97BC-F051CE3488E6}" backup="true" shiftstate="1" original="false"/>
      <assignment contextid="G22" macroguid="{012C64E4-210B-4199-97BC-F051CE3488E6}" backup="true" shiftstate="2" original="false"/>
      <assignment contextid="G22" macroguid="{012C64E4-210B-4199-97BC-F051CE3488E6}" backup="true" shiftstate="3" original="false"/>
      <assignment contextid="G15" macroguid="{B6A5C255-A379-498D-AAD9-290F1EB43B98}" backup="true" shiftstate="1" original="false"/>
      <assignment contextid="G15" macroguid="{B6A5C255-A379-498D-AAD9-290F1EB43B98}" backup="true" shiftstate="2" original="false"/>
      <assignment contextid="G15" macroguid="{B6A5C255-A379-498D-AAD9-290F1EB43B98}" backup="true" shiftstate="3" original="false"/>
      <assignment contextid="G19" macroguid="{33F8DE88-FEAC-42ED-BA8A-3C4755FA6D67}" backup="true" shiftstate="1" original="false"/>
      <assignment contextid="G19" macroguid="{33F8DE88-FEAC-42ED-BA8A-3C4755FA6D67}" backup="true" shiftstate="2" original="false"/>
      <assignment contextid="G19" macroguid="{33F8DE88-FEAC-42ED-BA8A-3C4755FA6D67}" backup="true" shiftstate="3" original="false"/>
      <assignment contextid="G26" macroguid="{0E5FBC48-AEF2-4D47-AB9A-52FF8DE7A581}" backup="false" shiftstate="1" original="false"/>
      <assignment contextid="G27" macroguid="{244636E5-5C47-4982-8A76-E216A920F49F}" backup="false" shiftstate="1" original="false"/>
      <assignment contextid="G29" macroguid="{7C5CEB62-4CC5-425F-A442-8ADB5C713D73}" backup="false" shiftstate="1" original="false"/>
      <assignment contextid="G28" macroguid="{585D6928-6DA4-4865-A4CD-6E6A40687F75}" backup="false" shiftstate="1" original="false"/>
      <assignment contextid="G8" macroguid="{33F8DE88-FEAC-42ED-BA8A-3C4755FA6D67}" backup="false" shiftstate="1" original="false"/>
      <assignment contextid="G3" macroguid="{088F6952-C5AF-4CD9-8596-C1744B12501F}" backup="true" shiftstate="1" original="false"/>
      <assignment contextid="G3" macroguid="{088F6952-C5AF-4CD9-8596-C1744B12501F}" backup="true" shiftstate="2" original="false"/>
      <assignment contextid="G3" macroguid="{088F6952-C5AF-4CD9-8596-C1744B12501F}" backup="true" shiftstate="3" original="false"/>
      <assignment contextid="G9" macroguid="{088F6952-C5AF-4CD9-8596-C1744B12501F}" backup="false" shiftstate="1" original="false"/>
      <assignment contextid="G3" macroguid="{35060C60-D9F5-4F61-B7F0-351005026E00}" backup="false" shiftstate="1" original="false"/>
      <assignment contextid="G5" macroguid="{CEBC90AE-8677-4F05-BA4F-A8436AC9EAB6}" backup="false" shiftstate="1" original="false"/>
      <assignment contextid="G14" macroguid="{C76A7B08-F7A1-4CB1-A05B-F376B76FEB3C}" backup="true" shiftstate="1" original="false"/>
      <assignment contextid="G14" macroguid="{C76A7B08-F7A1-4CB1-A05B-F376B76FEB3C}" backup="true" shiftstate="2" original="false"/>
      <assignment contextid="G14" macroguid="{C76A7B08-F7A1-4CB1-A05B-F376B76FEB3C}" backup="true" shiftstate="3" original="false"/>
      <assignment contextid="G13" macroguid="{C76A7B08-F7A1-4CB1-A05B-F376B76FEB3C}" backup="false" shiftstate="1" original="false"/>
      <assignment contextid="G1" macroguid="{0E5FBC48-AEF2-4D47-AB9A-52FF8DE7A581}" backup="true" shiftstate="2" original="false"/>
      <assignment contextid="G1" macroguid="{0E5FBC48-AEF2-4D47-AB9A-52FF8DE7A581}" backup="true" shiftstate="3" original="false"/>
      <assignment contextid="G2" macroguid="{244636E5-5C47-4982-8A76-E216A920F49F}" backup="true" shiftstate="2" original="false"/>
      <assignment contextid="G2" macroguid="{244636E5-5C47-4982-8A76-E216A920F49F}" backup="true" shiftstate="3" original="false"/>
      <assignment contextid="G8" macroguid="{7C5CEB62-4CC5-425F-A442-8ADB5C713D73}" backup="true" shiftstate="2" original="false"/>
      <assignment contextid="G8" macroguid="{7C5CEB62-4CC5-425F-A442-8ADB5C713D73}" backup="true" shiftstate="3" original="false"/>
      <assignment contextid="G9" macroguid="{585D6928-6DA4-4865-A4CD-6E6A40687F75}" backup="true" shiftstate="2" original="false"/>
      <assignment contextid="G9" macroguid="{585D6928-6DA4-4865-A4CD-6E6A40687F75}" backup="true" shiftstate="3" original="false"/>
      <assignment contextid="G1" macroguid="{6F46463F-6393-4C72-AA50-E9822F47D15D}" backup="false" shiftstate="1" original="false"/>
      <assignment contextid="G7" macroguid="{569B3CF7-7D76-4E72-94A3-D8B6DA43C6A2}" backup="true" shiftstate="1" original="false"/>
      <assignment contextid="G7" macroguid="{569B3CF7-7D76-4E72-94A3-D8B6DA43C6A2}" backup="true" shiftstate="2" original="false"/>
      <assignment contextid="G7" macroguid="{569B3CF7-7D76-4E72-94A3-D8B6DA43C6A2}" backup="true" shiftstate="3" original="false"/>
      <assignment contextid="G13" macroguid="{053C4FB8-E85A-4993-9C29-6E504C75DB2F}" backup="true" shiftstate="2" original="false"/>
      <assignment contextid="G13" macroguid="{053C4FB8-E85A-4993-9C29-6E504C75DB2F}" backup="true" shiftstate="3" original="false"/>
      <assignment contextid="G16" macroguid="{474C3E34-3395-4059-93C8-3D4076673135}" backup="true" shiftstate="1" original="false"/>
      <assignment contextid="G16" macroguid="{474C3E34-3395-4059-93C8-3D4076673135}" backup="true" shiftstate="2" original="false"/>
      <assignment contextid="G16" macroguid="{474C3E34-3395-4059-93C8-3D4076673135}" backup="true" shiftstate="3" original="false"/>
      <assignment contextid="G17" macroguid="{AEB183E0-9019-4392-896B-4DAC8330FA67}" backup="true" shiftstate="1" original="false"/>
      <assignment contextid="G17" macroguid="{AEB183E0-9019-4392-896B-4DAC8330FA67}" backup="true" shiftstate="2" original="false"/>
      <assignment contextid="G17" macroguid="{AEB183E0-9019-4392-896B-4DAC8330FA67}" backup="true" shiftstate="3" original="false"/>
      <assignment contextid="G24" macroguid="{AEB183E0-9019-4392-896B-4DAC8330FA67}" backup="false" shiftstate="1" original="false"/>
      <assignment contextid="G23" macroguid="{474C3E34-3395-4059-93C8-3D4076673135}" backup="false" shiftstate="1" original="false"/>
      <assignment contextid="G25" macroguid="{B836D18C-BA09-4B3C-8CB6-333C0BF8241B}" backup="false" shiftstate="1" original="false"/>
      <assignment contextid="G22" macroguid="{DCF50AE2-0015-4381-0002-4F0F5A9E9803}" backup="false" shiftstate="2" original="false"/>
      <assignment contextid="G22" macroguid="{DCF50AE2-0015-4381-0002-4F0F5A9E9803}" backup="false" shiftstate="3" original="false"/>
      <assignment contextid="G22" macroguid="{6631B94C-725B-4541-B7FD-E0FEDA3156F3}" backup="false" shiftstate="1" original="false"/>
    </assignments>
    <assignments devicecategory="Logitech.Gaming.Mouse">
      <assignment contextid="Button1" macroguid="{5DAFA657-7E0B-4D37-9F7A-FA252ED551E6}" backup="false" shiftstate="1" original="true"/>
      <assignment contextid="Button2" macroguid="{9D0F4485-F6CE-49AF-B3FB-328DBF996F1E}" backup="false" shiftstate="1" original="true"/>
      <assignment contextid="Button3" macroguid="{8B615B23-6FDC-4430-9E57-E5CCBCAC4575}" backup="false" shiftstate="1" original="true"/>
      <assignment contextid="Button4" macroguid="{A0D817F6-1D5D-483B-ADD0-2634CD93D42A}" backup="false" shiftstate="1" original="true"/>
      <assignment contextid="Button5" macroguid="{8B13562D-60F2-460F-9588-8C84168C81BC}" backup="false" shiftstate="1" original="true"/>
      <assignment contextid="Button6" macroguid="{89F0C712-9AF7-4099-9C53-1868BF5B9A4E}" backup="false" shiftstate="1" original="true"/>
      <assignment contextid="Button7" macroguid="{68A1C0B2-2996-4992-9CC5-3285AC8E9740}" backup="false" shiftstate="1" original="true"/>
      <assignment contextid="Button8" macroguid="{12C9716B-4D7A-4F6F-AF20-A0369219119A}" backup="false" shiftstate="1" original="true"/>
    </assignments>
    <assignments devicecategory="Logitech.Gaming.Mouse.G300">
      <assignment contextid="Button1" macroguid="{5DAFA657-7E0B-4D37-9F7A-FA252ED551E6}" backup="false" shiftstate="1" original="true"/>
      <assignment contextid="Button2" macroguid="{9D0F4485-F6CE-49AF-B3FB-328DBF996F1E}" backup="false" shiftstate="1" original="true"/>
      <assignment contextid="Button3" macroguid="{8B615B23-6FDC-4430-9E57-E5CCBCAC4575}" backup="false" shiftstate="1" original="true"/>
      <assignment contextid="Button4" macroguid="{A0D817F6-1D5D-483B-ADD0-2634CD93D42A}" backup="false" shiftstate="1" original="true"/>
      <assignment contextid="Button5" macroguid="{8B13562D-60F2-460F-9588-8C84168C81BC}" backup="false" shiftstate="1" original="true"/>
      <assignment contextid="Button6" macroguid="{6631B94C-725B-4541-B7FD-E0FEDA3156F3}" backup="false" shiftstate="1" original="false"/>
      <assignment contextid="Button7" macroguid="{93ECFD56-95ED-4B57-A385-8CF72DB5F6B6}" backup="false" shiftstate="1" original="true"/>
      <assignment contextid="Button8" macroguid="{53E81537-5916-4AB3-B052-ABF88B5DD218}" backup="false" shiftstate="1" original="true"/>
      <assignment contextid="Button9" macroguid="{28F1F32A-678A-4CD8-A0F4-41283A737EFC}" backup="false" shiftstate="1" original="true"/>
      <assignment contextid="Button1" macroguid="{5DAFA657-7E0B-4D37-9F7A-FA252ED551E6}" backup="false" shiftstate="2" original="true"/>
      <assignment contextid="Button2" macroguid="{9D0F4485-F6CE-49AF-B3FB-328DBF996F1E}" backup="false" shiftstate="2" original="true"/>
      <assignment contextid="Button3" macroguid="{8B615B23-6FDC-4430-9E57-E5CCBCAC4575}" backup="false" shiftstate="2" original="true"/>
      <assignment contextid="Button4" macroguid="{A0D817F6-1D5D-483B-ADD0-2634CD93D42A}" backup="false" shiftstate="2" original="true"/>
      <assignment contextid="Button5" macroguid="{8B13562D-60F2-460F-9588-8C84168C81BC}" backup="false" shiftstate="2" original="true"/>
      <assignment contextid="Button6" macroguid="{12C9716B-4D7A-4F6F-AF20-A0369219119A}" backup="false" shiftstate="2" original="true"/>
      <assignment contextid="Button7" macroguid="{68A1C0B2-2996-4992-9CC5-3285AC8E9740}" backup="false" shiftstate="2" original="true"/>
      <assignment contextid="Button8" macroguid="{53E81537-5916-4AB3-B052-ABF88B5DD218}" backup="false" shiftstate="2" original="true"/>
      <assignment contextid="Button9" macroguid="{A1FEC5BC-9A8A-49C5-B085-0E2EDCEF1F55}" backup="false" shiftstate="2" original="true"/>
      <assignment contextid="Button1" macroguid="{5DAFA657-7E0B-4D37-9F7A-FA252ED551E6}" backup="false" shiftstate="3" original="true"/>
      <assignment contextid="Button2" macroguid="{9D0F4485-F6CE-49AF-B3FB-328DBF996F1E}" backup="false" shiftstate="3" original="true"/>
      <assignment contextid="Button3" macroguid="{8B615B23-6FDC-4430-9E57-E5CCBCAC4575}" backup="false" shiftstate="3" original="true"/>
      <assignment contextid="Button4" macroguid="{A0D817F6-1D5D-483B-ADD0-2634CD93D42A}" backup="false" shiftstate="3" original="true"/>
      <assignment contextid="Button5" macroguid="{8B13562D-60F2-460F-9588-8C84168C81BC}" backup="false" shiftstate="3" original="true"/>
      <assignment contextid="Button6" macroguid="{F7899D9E-8B25-45CB-B4BC-AAF99E4C87D4}" backup="true" shiftstate="3" original="false"/>
      <assignment contextid="Button7" macroguid="{5638A489-F156-4122-A7DB-E0F880FACC0E}" backup="false" shiftstate="3" original="true"/>
      <assignment contextid="Button8" macroguid="{53E81537-5916-4AB3-B052-ABF88B5DD218}" backup="false" shiftstate="3" original="true"/>
      <assignment contextid="Button9" macroguid="{2F5C8F56-C184-4143-8852-2EB924626DCC}" backup="true" shiftstate="3" original="false"/>
      <assignment contextid="Button6" macroguid="{6631B94C-725B-4541-B7FD-E0FEDA3156F3}" backup="true" shiftstate="1" original="false"/>
    </assignments>
    <assignments devicecategory="Logitech.Gaming.Mouse.G9">
      <assignment contextid="Button1" macroguid="{5DAFA657-7E0B-4D37-9F7A-FA252ED551E6}" backup="false" shiftstate="1" original="true"/>
      <assignment contextid="Button2" macroguid="{9D0F4485-F6CE-49AF-B3FB-328DBF996F1E}" backup="false" shiftstate="1" original="true"/>
      <assignment contextid="Button3" macroguid="{8B615B23-6FDC-4430-9E57-E5CCBCAC4575}" backup="false" shiftstate="1" original="true"/>
      <assignment contextid="Button7" macroguid="{B85A4FE2-C01F-4797-B6C1-8CAA9DE73477}" backup="false" shiftstate="1" original="true"/>
      <assignment contextid="Button8" macroguid="{7CAC164A-5CBB-4FA5-AD99-D6A5F0C8198A}" backup="false" shiftstate="1" original="true"/>
      <assignment contextid="Button9" macroguid="{68A1C0B2-2996-4992-9CC5-3285AC8E9740}" backup="false" shiftstate="1" original="true"/>
      <assignment contextid="Button10" macroguid="{12C9716B-4D7A-4F6F-AF20-A0369219119A}" backup="false" shiftstate="1" original="true"/>
      <assignment contextid="Button4" macroguid="{DCF50AE2-0015-4381-0002-4F0F5A9E9803}" backup="false" shiftstate="1" original="true"/>
      <assignment contextid="Button5" macroguid="{DCF50AE2-0012-4381-0002-4F0F5A9E9803}" backup="true" shiftstate="1" original="false"/>
      <assignment contextid="Button5" macroguid="{053C4FB8-E85A-4993-9C29-6E504C75DB2F}" backup="false" shiftstate="1" original="false"/>
    </assignments>
    <pointers>
      <pointer devicemodel="Logitech.Gaming.Mouse.G600">
        <mode shiftstate="1">
          <reportrate rate="500"/>
          <powermode value="2"/>
          <dpitable shiftindex="0" defaultindex="0" syncxy="1">
            <dpi x="1200" y="1200" enabled="1"/>
            <dpi x="2000" y="2000" enabled="0"/>
            <dpi x="3200" y="3200" enabled="0"/>
            <dpi x="5000" y="5000" enabled="0"/>
            <dpi x="8200" y="8200" enabled="0"/>
          </dpitable>
          <movement acceleration="1" speed="-1"/>
        </mode>
        <mode shiftstate="2">
          <reportrate rate="500"/>
          <powermode value="2"/>
          <dpitable shiftindex="0" defaultindex="0" syncxy="1">
            <dpi x="1200" y="1200" enabled="1"/>
            <dpi x="2000" y="2000" enabled="0"/>
            <dpi x="3200" y="3200" enabled="0"/>
            <dpi x="5000" y="5000" enabled="0"/>
            <dpi x="8200" y="8200" enabled="0"/>
          </dpitable>
          <movement acceleration="1" speed="-1"/>
        </mode>
        <mode shiftstate="3">
          <reportrate rate="500"/>
          <powermode value="2"/>
          <dpitable shiftindex="0" defaultindex="1" syncxy="1">
            <dpi x="400" y="400" enabled="1"/>
            <dpi x="1200" y="1200" enabled="1"/>
            <dpi x="2000" y="2000" enabled="1"/>
            <dpi x="3200" y="3200" enabled="1"/>
            <dpi x="8200" y="8200" enabled="0"/>
          </dpitable>
          <movement acceleration="1" speed="-1"/>
        </mode>
      </pointer>
      <pointer devicemodel="Logitech.Gaming.Mouse.G9XCOD">
        <mode shiftstate="1">
          <reportrate rate="500"/>
          <powermode value="2"/>
          <dpitable shiftindex="1" defaultindex="1" syncxy="1">
            <dpi x="400" y="400" enabled="1"/>
            <dpi x="800" y="800" enabled="1"/>
            <dpi x="1600" y="1600" enabled="1"/>
            <dpi x="3200" y="3200" enabled="1"/>
          </dpitable>
          <movement acceleration="1" speed="-1"/>
        </mode>
      </pointer>
    </pointers>
    <backlight devicemodel="Logitech.Gaming.Mouse.G300">
      <mode color="#ff0000" shiftstate="1"/>
      <mode color="#00ff00" shiftstate="2"/>
      <mode color="#0000ff" shiftstate="3"/>
    </backlight>
    <backlight devicemodel="Logitech.Gaming.LeftHandedController.G13">
      <mode color="#ffffff" shiftstate="1"/>
      <mode color="#ffffff" shiftstate="2"/>
      <mode color="#ffffff" shiftstate="3"/>
    </backlight>
    <backlight devicemodel="Logitech.Gaming.Mouse.G9XCOD">
      <mode color="#008fff" shiftstate="1"/>
      <mode color="#ff9b00" shiftstate="2"/>
      <mode color="#ff9b00" shiftstate="3"/>
    </backlight>
    <backlight devicemodel="Logitech.Gaming.Headset.G930">
      <mode color="#000000" shiftstate="1"/>
      <mode color="#000000" shiftstate="2"/>
      <mode color="#000000" shiftstate="3"/>
    </backlight>
    <script>function OnEvent(event, arg)
	--OutputLogMessage("event = %s, arg = %s\n", event, arg);
end</script>
  </profile>
</profiles>
