<?xml version="1.0" encoding="utf-8"?>
<profiles xmlns="http://www.logitech.com/Cassandra/2010.7/Profile">
  <profile gkeysdk="0" guid="{041E291A-E0EB-47D4-B2E2-918DF138C1BD}" lock="0" name="Hawken">
    <description>Hawken</description>
    <target path="C:\PROGRAM FILES (X86)\METEORENTERTAINMENT\HAWKEN\INSTALLEDHAWKENFILES\BINARIES\WIN32\HAWKENGAME-WIN32-SHIPPING.EXE"/>
    <signature key="" value="" executable="" name=""/>
    <macros>
      <macro original="true" guid="{BE1EECFF-DE26-4687-822D-D422A8D4C758}" hidden="false" name="Esc">
        <keystroke xmlns="http://www.logitech.com/Cassandra/2010.1/Macros/Keystroke">
          <key value="ESCAPE"/>
        </keystroke>
      </macro>
      <macro original="true" guid="{A72FEC4F-9A29-457E-8658-24ACA83E48E4}" hidden="false" name="In Game VOIP">
        <keystroke xmlns="http://www.logitech.com/Cassandra/2010.1/Macros/Keystroke">
          <key value="LCTRL"/>
        </keystroke>
      </macro>
      <macro original="true" guid="{50924B2C-8A77-4EE9-BF64-6DD6806E8103}" hidden="false" name="Scoreboard">
        <keystroke xmlns="http://www.logitech.com/Cassandra/2010.1/Macros/Keystroke">
          <key value="TAB"/>
        </keystroke>
      </macro>
      <macro original="true" guid="{2AEFC471-5294-48FB-AC8A-3756927CD130}" hidden="false" name="Util Item">
        <keystroke xmlns="http://www.logitech.com/Cassandra/2010.1/Macros/Keystroke">
          <key value="3"/>
        </keystroke>
      </macro>
      <macro original="true" guid="{C678794B-FEC2-424F-BA4C-1A21F9595240}" hidden="false" name="Boost">
        <keystroke xmlns="http://www.logitech.com/Cassandra/2010.1/Macros/Keystroke">
          <key value="LSHIFT"/>
        </keystroke>
      </macro>
      <macro original="true" guid="{57533BFD-240F-4EC0-A29B-F7D82BB52B14}" hidden="false" name="Jump Boost">
        <keystroke xmlns="http://www.logitech.com/Cassandra/2010.1/Macros/Keystroke">
          <key value="SPACEBAR"/>
        </keystroke>
      </macro>
      <macro original="true" guid="{ED131948-576D-4A13-9EA4-2807CF39A186}" hidden="false" name="Interact">
        <keystroke xmlns="http://www.logitech.com/Cassandra/2010.1/Macros/Keystroke">
          <key value="E"/>
        </keystroke>
      </macro>
      <macro original="true" guid="{2E222F0C-4791-45EC-BD11-88B607A9F51B}" hidden="false" name="Call Assist">
        <keystroke xmlns="http://www.logitech.com/Cassandra/2010.1/Macros/Keystroke">
          <key value="Z"/>
        </keystroke>
      </macro>
      <macro original="true" guid="{A619D9DB-941E-4AA9-8A7D-A1BD2B85D17E}" hidden="false" name="Forward">
        <keystroke xmlns="http://www.logitech.com/Cassandra/2010.1/Macros/Keystroke">
          <key value="W"/>
        </keystroke>
      </macro>
      <macro original="true" guid="{20ACDA71-4EAF-4B96-9D46-B77883548D10}" hidden="false" name="Left">
        <keystroke xmlns="http://www.logitech.com/Cassandra/2010.1/Macros/Keystroke">
          <key value="A"/>
        </keystroke>
      </macro>
      <macro original="true" guid="{B1E344CE-8403-4410-AE2C-A9885FC0B783}" hidden="false" name="Right">
        <keystroke xmlns="http://www.logitech.com/Cassandra/2010.1/Macros/Keystroke">
          <key value="D"/>
        </keystroke>
      </macro>
      <macro original="true" guid="{3D2678F5-8DBF-4D13-B93E-7059DFBA02CE}" hidden="false" name="Back">
        <keystroke xmlns="http://www.logitech.com/Cassandra/2010.1/Macros/Keystroke">
          <key value="S"/>
        </keystroke>
      </macro>
      <macro original="true" guid="{D6B67145-2B7E-486D-8A93-D102E521C83A}" hidden="false" name="Map">
        <keystroke xmlns="http://www.logitech.com/Cassandra/2010.1/Macros/Keystroke">
          <key value="V"/>
        </keystroke>
      </macro>
      <macro original="true" guid="{427EA7C5-3274-45A8-9C85-214DE8D5EA33}" hidden="false" name="Team Chat (VOIP)">
        <keystroke xmlns="http://www.logitech.com/Cassandra/2010.1/Macros/Keystroke">
          <key value="LCTRL"/>
        </keystroke>
      </macro>
      <macro guid="{56EF0F76-7AA8-49CA-8FAC-BC03B7A247A7}" hidden="false" name="Left Click">
        <mousefunction xmlns="http://www.logitech.com/Cassandra/2010.1/Macros/MouseFunction">
          <do task="leftclick"/>
        </mousefunction>
      </macro>
      <macro guid="{8F317EEB-2A7D-4EB5-A9B5-06FB8E92A363}" hidden="false" name="Right Click">
        <mousefunction xmlns="http://www.logitech.com/Cassandra/2010.1/Macros/MouseFunction">
          <do task="rightclick"/>
        </mousefunction>
      </macro>
      <macro guid="{54592E8D-8D5E-420D-A43C-F0EC9361449E}" hidden="false" name="Middle Click">
        <mousefunction xmlns="http://www.logitech.com/Cassandra/2010.1/Macros/MouseFunction">
          <do task="middleclick"/>
        </mousefunction>
      </macro>
      <macro guid="{5A79A59F-379D-4199-AB4B-CE0049A7AE7D}" hidden="false" name="Back">
        <mousefunction xmlns="http://www.logitech.com/Cassandra/2010.1/Macros/MouseFunction">
          <do task="back"/>
        </mousefunction>
      </macro>
      <macro guid="{12C3C0C6-D3DF-44A7-852A-CA33415738F0}" hidden="false" name="Forward">
        <mousefunction xmlns="http://www.logitech.com/Cassandra/2010.1/Macros/MouseFunction">
          <do task="forward"/>
        </mousefunction>
      </macro>
      <macro guid="{B055952C-CE3B-4B1B-8989-BAD3713E9AF3}" hidden="false" name="Scroll Left">
        <mousefunction xmlns="http://www.logitech.com/Cassandra/2010.1/Macros/MouseFunction">
          <do task="scrollleft"/>
        </mousefunction>
      </macro>
      <macro guid="{4CC3A741-C159-4CD7-B492-E01DCD198D75}" hidden="false" name="Scroll Right">
        <mousefunction xmlns="http://www.logitech.com/Cassandra/2010.1/Macros/MouseFunction">
          <do task="scrollright"/>
        </mousefunction>
      </macro>
      <macro devicecategory="Logitech.Gaming.Mouse" guid="{7CA49CD3-EFC7-43DA-8F72-D7A2C97596F3}" hidden="false" name="DPI Up">
        <mousefunction xmlns="http://www.logitech.com/Cassandra/2010.1/Macros/MouseFunction">
          <do task="dpiup"/>
        </mousefunction>
      </macro>
      <macro devicecategory="Logitech.Gaming.Mouse" guid="{E3CD8C59-B9EE-4F7E-A0E2-2BD978FD68A4}" hidden="false" name="DPI Down">
        <mousefunction xmlns="http://www.logitech.com/Cassandra/2010.1/Macros/MouseFunction">
          <do task="dpidown"/>
        </mousefunction>
      </macro>
      <macro guid="{B8A9327E-0C98-4717-81B6-D82596908A14}" hidden="false" name="Special ability">
        <keystroke xmlns="http://www.logitech.com/Cassandra/2010.1/Macros/Keystroke">
          <key value="F"/>
        </keystroke>
      </macro>
      <macro backupguid="{B8A9327E-0C98-4717-81B6-D82596908A14}" guid="{8827203A-71B9-4C12-B0C3-51F06AC5E3B8}" hidden="false" name="Ultimate">
        <keystroke xmlns="http://www.logitech.com/Cassandra/2010.1/Macros/Keystroke">
          <key value="F"/>
        </keystroke>
      </macro>
      <macro guid="{9EB74C46-F56C-427D-BF49-E5A0AFA81F10}" hidden="false" name="Spot enemy">
        <keystroke xmlns="http://www.logitech.com/Cassandra/2010.1/Macros/Keystroke">
          <key value="Q"/>
        </keystroke>
      </macro>
      <macro backupguid="{9EB74C46-F56C-427D-BF49-E5A0AFA81F10}" guid="{0D76465F-1344-4EC2-9B96-81701F2D001E}" hidden="false" name="Call Enemy">
        <keystroke xmlns="http://www.logitech.com/Cassandra/2010.1/Macros/Keystroke">
          <key value="Q"/>
        </keystroke>
      </macro>
      <macro guid="{D6C5B813-5166-4186-8F36-00DC839E87D2}" hidden="false" name="Repair">
        <keystroke xmlns="http://www.logitech.com/Cassandra/2010.1/Macros/Keystroke">
          <key value="C"/>
        </keystroke>
      </macro>
      <macro guid="{E106964E-A3FE-401F-B9DD-B271BAD5AB94}" hidden="false" name="Use Off Item">
        <keystroke xmlns="http://www.logitech.com/Cassandra/2010.1/Macros/Keystroke">
          <key value="1"/>
        </keystroke>
      </macro>
      <macro backupguid="{E106964E-A3FE-401F-B9DD-B271BAD5AB94}" guid="{775B3EEC-62DB-42E5-972E-1BBCBEAE0FBE}" hidden="false" name="Off Item">
        <keystroke xmlns="http://www.logitech.com/Cassandra/2010.1/Macros/Keystroke">
          <key value="1"/>
        </keystroke>
      </macro>
      <macro guid="{E377B5E7-1A21-4449-8573-2A06173B2424}" hidden="false" name="Use Sup Item">
        <keystroke xmlns="http://www.logitech.com/Cassandra/2010.1/Macros/Keystroke">
          <key value="2"/>
        </keystroke>
      </macro>
      <macro backupguid="{E377B5E7-1A21-4449-8573-2A06173B2424}" guid="{29DA00BA-DE03-48E0-BFE8-A178F851714E}" hidden="false" name="Def Item">
        <keystroke xmlns="http://www.logitech.com/Cassandra/2010.1/Macros/Keystroke">
          <key value="2"/>
        </keystroke>
      </macro>
      <macro guid="{0AB6A974-5977-4D57-9BAA-EF5402D9F9A3}" hidden="false" name="Use Item">
        <keystroke xmlns="http://www.logitech.com/Cassandra/2010.1/Macros/Keystroke">
          <key value="R"/>
        </keystroke>
      </macro>
    </macros>
    <assignments devicecategory="Logitech.Gaming.LeftHandedController">
      <assignment original="false" backup="true" contextid="G26" shiftstate="1" macroguid="{A619D9DB-941E-4AA9-8A7D-A1BD2B85D17E}"/>
      <assignment original="false" backup="true" contextid="G28" shiftstate="1" macroguid="{3D2678F5-8DBF-4D13-B93E-7059DFBA02CE}"/>
      <assignment original="false" backup="true" contextid="G29" shiftstate="1" macroguid="{20ACDA71-4EAF-4B96-9D46-B77883548D10}"/>
      <assignment original="false" backup="true" contextid="G27" shiftstate="1" macroguid="{B1E344CE-8403-4410-AE2C-A9885FC0B783}"/>
      <assignment original="false" backup="true" contextid="G4" shiftstate="1" macroguid="{C678794B-FEC2-424F-BA4C-1A21F9595240}"/>
      <assignment original="false" backup="true" contextid="G10" shiftstate="1" macroguid="{E106964E-A3FE-401F-B9DD-B271BAD5AB94}"/>
      <assignment original="false" backup="true" contextid="G11" shiftstate="1" macroguid="{E377B5E7-1A21-4449-8573-2A06173B2424}"/>
      <assignment original="false" backup="true" contextid="G12" shiftstate="1" macroguid="{2AEFC471-5294-48FB-AC8A-3756927CD130}"/>
      <assignment original="false" backup="true" contextid="G23" shiftstate="1" macroguid="{D6B67145-2B7E-486D-8A93-D102E521C83A}"/>
      <assignment original="false" backup="true" contextid="G24" shiftstate="1" macroguid="{D4DF8326-CC5C-4EF4-9CE4-64C46F4EE9B7}"/>
      <assignment original="true" backup="false" contextid="G15" shiftstate="1" macroguid="{57533BFD-240F-4EC0-A29B-F7D82BB52B14}"/>
      <assignment original="false" backup="true" contextid="G8" shiftstate="1" macroguid="{50924B2C-8A77-4EE9-BF64-6DD6806E8103}"/>
      <assignment original="false" backup="true" contextid="G1" shiftstate="1" macroguid="{BE1EECFF-DE26-4687-822D-D422A8D4C758}"/>
      <assignment original="false" backup="true" contextid="G6" shiftstate="1" macroguid="{0AB6A974-5977-4D57-9BAA-EF5402D9F9A3}"/>
      <assignment original="false" backup="false" contextid="G3" shiftstate="1" macroguid="{B8A9327E-0C98-4717-81B6-D82596908A14}"/>
      <assignment original="true" backup="false" contextid="G5" shiftstate="1" macroguid="{ED131948-576D-4A13-9EA4-2807CF39A186}"/>
      <assignment original="false" backup="true" contextid="G22" shiftstate="1" macroguid="{2E222F0C-4791-45EC-BD11-88B607A9F51B}"/>
      <assignment original="true" backup="false" contextid="G20" shiftstate="1" macroguid="{A72FEC4F-9A29-457E-8658-24ACA83E48E4}"/>
      <assignment original="false" backup="false" contextid="G4" shiftstate="1" macroguid="{A619D9DB-941E-4AA9-8A7D-A1BD2B85D17E}"/>
      <assignment original="false" backup="false" contextid="G11" shiftstate="1" macroguid="{3D2678F5-8DBF-4D13-B93E-7059DFBA02CE}"/>
      <assignment original="false" backup="false" contextid="G12" shiftstate="1" macroguid="{B1E344CE-8403-4410-AE2C-A9885FC0B783}"/>
      <assignment original="false" backup="false" contextid="G10" shiftstate="1" macroguid="{20ACDA71-4EAF-4B96-9D46-B77883548D10}"/>
      <assignment original="false" backup="false" contextid="G27" shiftstate="1" macroguid="{2AEFC471-5294-48FB-AC8A-3756927CD130}"/>
      <assignment original="false" backup="true" contextid="G3" shiftstate="1" macroguid="{B8A9327E-0C98-4717-81B6-D82596908A14}"/>
      <assignment original="false" backup="true" contextid="G19" shiftstate="1" macroguid="{9EB74C46-F56C-427D-BF49-E5A0AFA81F10}"/>
      <assignment original="false" backup="false" contextid="G2" shiftstate="1" macroguid="{BE1EECFF-DE26-4687-822D-D422A8D4C758}"/>
      <assignment original="false" backup="true" contextid="G2" shiftstate="1" macroguid=""/>
      <assignment original="false" backup="false" contextid="G1" shiftstate="1" macroguid="{50924B2C-8A77-4EE9-BF64-6DD6806E8103}"/>
      <assignment original="false" backup="false" contextid="G9" shiftstate="1" macroguid="{C678794B-FEC2-424F-BA4C-1A21F9595240}"/>
      <assignment original="false" backup="true" contextid="G9" shiftstate="1" macroguid=""/>
      <assignment original="false" backup="false" contextid="G26" shiftstate="1" macroguid="{E377B5E7-1A21-4449-8573-2A06173B2424}"/>
      <assignment original="false" backup="false" contextid="G29" shiftstate="1" macroguid="{E106964E-A3FE-401F-B9DD-B271BAD5AB94}"/>
      <assignment original="false" backup="false" contextid="G7" shiftstate="1" macroguid="{427EA7C5-3274-45A8-9C85-214DE8D5EA33}"/>
      <assignment original="false" backup="true" contextid="G7" shiftstate="1" macroguid=""/>
      <assignment original="false" backup="false" contextid="G13" shiftstate="1" macroguid="{D6C5B813-5166-4186-8F36-00DC839E87D2}"/>
      <assignment original="false" backup="true" contextid="G13" shiftstate="1" macroguid=""/>
      <assignment original="false" backup="false" contextid="G14" shiftstate="1" macroguid="{D6B67145-2B7E-486D-8A93-D102E521C83A}"/>
      <assignment original="false" backup="true" contextid="G14" shiftstate="1" macroguid=""/>
      <assignment original="false" backup="false" contextid="G23" shiftstate="1" macroguid="{9EB74C46-F56C-427D-BF49-E5A0AFA81F10}"/>
      <assignment original="false" backup="false" contextid="G24" shiftstate="1" macroguid="{2E222F0C-4791-45EC-BD11-88B607A9F51B}"/>
      <assignment original="false" backup="false" contextid="G8" shiftstate="1" macroguid="{0AB6A974-5977-4D57-9BAA-EF5402D9F9A3}"/>
    </assignments>
    <assignments devicecategory="Logitech.Gaming.Mouse.G9">
      <assignment original="false" backup="false" contextid="Button1" shiftstate="1" macroguid="{56EF0F76-7AA8-49CA-8FAC-BC03B7A247A7}"/>
      <assignment original="false" backup="false" contextid="Button2" shiftstate="1" macroguid="{8F317EEB-2A7D-4EB5-A9B5-06FB8E92A363}"/>
      <assignment original="false" backup="false" contextid="Button3" shiftstate="1" macroguid="{54592E8D-8D5E-420D-A43C-F0EC9361449E}"/>
      <assignment original="false" backup="false" contextid="Button5" shiftstate="1" macroguid="{12C3C0C6-D3DF-44A7-852A-CA33415738F0}"/>
      <assignment original="false" backup="false" contextid="Button7" shiftstate="1" macroguid="{B055952C-CE3B-4B1B-8989-BAD3713E9AF3}"/>
      <assignment original="false" backup="false" contextid="Button8" shiftstate="1" macroguid="{4CC3A741-C159-4CD7-B492-E01DCD198D75}"/>
      <assignment original="false" backup="false" contextid="Button9" shiftstate="1" macroguid="{7CA49CD3-EFC7-43DA-8F72-D7A2C97596F3}"/>
      <assignment original="false" backup="false" contextid="Button10" shiftstate="1" macroguid="{E3CD8C59-B9EE-4F7E-A0E2-2BD978FD68A4}"/>
      <assignment original="false" backup="false" contextid="Button4" shiftstate="1" macroguid="{57533BFD-240F-4EC0-A29B-F7D82BB52B14}"/>
    </assignments>
    <pointers>
      <pointer devicemodel="Logitech.Gaming.Mouse.G9XCOD">
        <mode shiftstate="1">
          <reportrate rate="500"/>
          <powermode value="2"/>
          <dpitable defaultindex="1" shiftindex="1" syncxy="1">
            <dpi x="400" y="400" enabled="1"/>
            <dpi x="800" y="800" enabled="1"/>
            <dpi x="1600" y="1600" enabled="1"/>
            <dpi x="3200" y="3200" enabled="1"/>
          </dpitable>
          <movement speed="-1" acceleration="1"/>
        </mode>
      </pointer>
    </pointers>
    <backlight devicemodel="Logitech.Gaming.LeftHandedController.G13">
      <mode shiftstate="1" color="#00ffcc"/>
      <mode shiftstate="2" color="#6eff5a"/>
      <mode shiftstate="3" color="#6eff5a"/>
    </backlight>
    <backlight devicemodel="Logitech.Gaming.Mouse.G9XCOD">
      <mode shiftstate="1" color="#00ff00"/>
      <mode shiftstate="2" color="#00ff00"/>
      <mode shiftstate="3" color="#00ff00"/>
    </backlight>
    <script>function OnEvent(event, arg)
    OutputLogMessage("event = %s, arg = %s\n", event, arg)
end</script>
  </profile>
</profiles>
