<?xml version="1.0" encoding="utf-8"?>
<profiles xmlns="http://www.logitech.com/Cassandra/2010.7/Profile">
  <profile gkeysdk="0" guid="{A0BDA938-3C3C-4F20-917D-702F315DF59C}" lock="0" name="Kerbal Space Program">
    <description></description>
    <target path="C:\PROGRAM FILES (X86)\STEAM\STEAMAPPS\COMMON\KERBAL SPACE PROGRAM\KSP.EXE"/>
    <signature key="" value="" executable="" name=""/>
    <macros>
      <macro guid="{29E2DEFE-B057-449A-B57F-21105AE2AA48}" hidden="false" name="Left Click">
        <mousefunction xmlns="http://www.logitech.com/Cassandra/2010.1/Macros/MouseFunction">
          <do task="leftclick"/>
        </mousefunction>
      </macro>
      <macro guid="{A2DE582D-D851-40F9-9AD0-3FBF600F013F}" hidden="false" name="Right Click">
        <mousefunction xmlns="http://www.logitech.com/Cassandra/2010.1/Macros/MouseFunction">
          <do task="rightclick"/>
        </mousefunction>
      </macro>
      <macro guid="{D4506B81-9363-4AC3-85E6-7666B50B209D}" hidden="false" name="Middle Click">
        <mousefunction xmlns="http://www.logitech.com/Cassandra/2010.1/Macros/MouseFunction">
          <do task="middleclick"/>
        </mousefunction>
      </macro>
      <macro guid="{B85A4FE2-C01F-4797-B6C1-8CAA9DE73477}" hidden="false" name="Scroll Left">
        <mousefunction xmlns="http://www.logitech.com/Cassandra/2010.1/Macros/MouseFunction">
          <do task="scrollleft"/>
        </mousefunction>
      </macro>
      <macro guid="{7CAC164A-5CBB-4FA5-AD99-D6A5F0C8198A}" hidden="false" name="Scroll Right">
        <mousefunction xmlns="http://www.logitech.com/Cassandra/2010.1/Macros/MouseFunction">
          <do task="scrollright"/>
        </mousefunction>
      </macro>
      <macro devicecategory="Logitech.Gaming.Mouse" guid="{DEB8132C-4DDB-4751-A14D-252437DECF16}" hidden="false" name="DPI Up">
        <mousefunction xmlns="http://www.logitech.com/Cassandra/2010.1/Macros/MouseFunction">
          <do task="dpiup"/>
        </mousefunction>
      </macro>
      <macro devicecategory="Logitech.Gaming.Mouse" guid="{3CD758BA-1BFD-4C59-AAC1-0CA25F9D0BAB}" hidden="false" name="DPI Down">
        <mousefunction xmlns="http://www.logitech.com/Cassandra/2010.1/Macros/MouseFunction">
          <do task="dpidown"/>
        </mousefunction>
      </macro>
      <macro guid="{DCF50AE2-0015-4381-0002-4F0F5A9E9803}" hidden="false" name="Jump">
        <keystroke xmlns="http://www.logitech.com/Cassandra/2010.1/Macros/Keystroke">
          <key value="SPACEBAR"/>
        </keystroke>
      </macro>
      <macro guid="{DCF50AE2-0012-4381-0002-4F0F5A9E9803}" hidden="false" name="Melee">
        <keystroke xmlns="http://www.logitech.com/Cassandra/2010.1/Macros/Keystroke">
          <key value="V"/>
        </keystroke>
      </macro>
      <macro guid="{07E9A035-FAB1-4175-AAF4-55CAAD07EB5D}" hidden="false" name="Toggle SAS">
        <keystroke xmlns="http://www.logitech.com/Cassandra/2010.1/Macros/Keystroke">
          <key value="T"/>
        </keystroke>
      </macro>
      <macro guid="{0CEA187D-1AE6-4B22-A592-C32001632767}" hidden="false" name="Roll left">
        <keystroke xmlns="http://www.logitech.com/Cassandra/2010.1/Macros/Keystroke">
          <key value="Q"/>
        </keystroke>
      </macro>
      <macro guid="{D4DC0DDA-A5FF-4FE5-B6AC-EFF8DEA93F35}" hidden="false" name="Roll right">
        <keystroke xmlns="http://www.logitech.com/Cassandra/2010.1/Macros/Keystroke">
          <key value="E"/>
        </keystroke>
      </macro>
      <macro guid="{3BB3D1A4-FB71-4C7E-AFAC-49AE94F4B418}" hidden="false" name="Thrust up">
        <keystroke xmlns="http://www.logitech.com/Cassandra/2010.1/Macros/Keystroke">
          <key value="LSHIFT"/>
        </keystroke>
      </macro>
      <macro guid="{A673BD8B-7970-4B0D-BE62-13A270C9B97E}" hidden="false" name="Thust down">
        <keystroke xmlns="http://www.logitech.com/Cassandra/2010.1/Macros/Keystroke">
          <key value="LCTRL"/>
        </keystroke>
      </macro>
      <macro guid="{06546ADF-6C74-4DE9-B8F3-AE48645EA772}" hidden="false" name="RCS">
        <keystroke xmlns="http://www.logitech.com/Cassandra/2010.1/Macros/Keystroke">
          <key value="R"/>
        </keystroke>
      </macro>
      <macro guid="{89DAF93F-7AD5-4521-8660-8C74F7ED757A}" hidden="false" name="Launch">
        <keystroke xmlns="http://www.logitech.com/Cassandra/2010.1/Macros/Keystroke">
          <key value="SPACEBAR"/>
        </keystroke>
      </macro>
      <macro guid="{4317B37A-D463-43A7-882F-C7E214BF5EA5}" hidden="false" name="Pitch Down">
        <keystroke xmlns="http://www.logitech.com/Cassandra/2010.1/Macros/Keystroke">
          <key value="W"/>
        </keystroke>
      </macro>
      <macro guid="{9FB51FC5-FAFE-419E-8550-6FE5D544100B}" hidden="false" name="Pitch Up">
        <keystroke xmlns="http://www.logitech.com/Cassandra/2010.1/Macros/Keystroke">
          <key value="S"/>
        </keystroke>
      </macro>
      <macro guid="{B5FBBA23-193F-41F1-B6B3-53084DC07407}" hidden="false" name="Yaw Left">
        <keystroke xmlns="http://www.logitech.com/Cassandra/2010.1/Macros/Keystroke">
          <key value="A"/>
        </keystroke>
      </macro>
      <macro guid="{3BBE14A8-2DB0-475B-B646-049E807AE289}" hidden="false" name="Yaw Right">
        <keystroke xmlns="http://www.logitech.com/Cassandra/2010.1/Macros/Keystroke">
          <key value="D"/>
        </keystroke>
      </macro>
      <macro guid="{76B318D9-477B-435D-A5F2-F90353D46487}" hidden="false" name="SAS">
        <keystroke xmlns="http://www.logitech.com/Cassandra/2010.1/Macros/Keystroke">
          <key value="F"/>
        </keystroke>
      </macro>
      <macro guid="{32BFFBF4-58A9-4047-8ED9-B2F9F572C6AA}" hidden="false" name="Map">
        <keystroke xmlns="http://www.logitech.com/Cassandra/2010.1/Macros/Keystroke">
          <key value="M"/>
        </keystroke>
      </macro>
      <macro guid="{1265FC35-38CE-483C-A360-49C53CF577C3}" hidden="false" name="Speed up time">
        <keystroke xmlns="http://www.logitech.com/Cassandra/2010.1/Macros/Keystroke">
          <key value="PERIOD"/>
        </keystroke>
      </macro>
      <macro guid="{B11C9302-4D3D-4D72-98EA-76482750F959}" hidden="false" name="Cut Throttle">
        <keystroke xmlns="http://www.logitech.com/Cassandra/2010.1/Macros/Keystroke">
          <key value="X"/>
        </keystroke>
      </macro>
      <macro guid="{2F435BFA-A302-44FB-8C8F-DE6B81334027}" hidden="false" name="Esc">
        <keystroke xmlns="http://www.logitech.com/Cassandra/2010.1/Macros/Keystroke">
          <key value="ESCAPE"/>
        </keystroke>
      </macro>
    </macros>
    <assignments devicecategory="Logitech.Gaming.LeftHandedController">
      <assignment original="false" backup="false" contextid="G4" shiftstate="1" macroguid="{4317B37A-D463-43A7-882F-C7E214BF5EA5}"/>
      <assignment original="false" backup="false" contextid="G3" shiftstate="1" macroguid="{07E9A035-FAB1-4175-AAF4-55CAAD07EB5D}"/>
      <assignment original="false" backup="false" contextid="G9" shiftstate="1" macroguid="{0CEA187D-1AE6-4B22-A592-C32001632767}"/>
      <assignment original="false" backup="false" contextid="G13" shiftstate="1" macroguid="{D4DC0DDA-A5FF-4FE5-B6AC-EFF8DEA93F35}"/>
      <assignment original="false" backup="false" contextid="G26" shiftstate="1" macroguid="{3BB3D1A4-FB71-4C7E-AFAC-49AE94F4B418}"/>
      <assignment original="false" backup="false" contextid="G28" shiftstate="1" macroguid="{A673BD8B-7970-4B0D-BE62-13A270C9B97E}"/>
      <assignment original="false" backup="false" contextid="G5" shiftstate="1" macroguid="{06546ADF-6C74-4DE9-B8F3-AE48645EA772}"/>
      <assignment original="false" backup="false" contextid="G22" shiftstate="1" macroguid="{89DAF93F-7AD5-4521-8660-8C74F7ED757A}"/>
      <assignment original="false" backup="false" contextid="G10" shiftstate="1" macroguid="{B5FBBA23-193F-41F1-B6B3-53084DC07407}"/>
      <assignment original="false" backup="false" contextid="G12" shiftstate="1" macroguid="{3BBE14A8-2DB0-475B-B646-049E807AE289}"/>
      <assignment original="false" backup="false" contextid="G11" shiftstate="1" macroguid="{9FB51FC5-FAFE-419E-8550-6FE5D544100B}"/>
      <assignment original="false" backup="false" contextid="G14" shiftstate="1" macroguid="{32BFFBF4-58A9-4047-8ED9-B2F9F572C6AA}"/>
      <assignment original="false" backup="false" contextid="G15" shiftstate="1" macroguid="{1265FC35-38CE-483C-A360-49C53CF577C3}"/>
      <assignment original="false" backup="false" contextid="G25" shiftstate="1" macroguid="{B11C9302-4D3D-4D72-98EA-76482750F959}"/>
      <assignment original="false" backup="false" contextid="G1" shiftstate="1" macroguid="{2F435BFA-A302-44FB-8C8F-DE6B81334027}"/>
    </assignments>
    <assignments devicecategory="Logitech.Gaming.Mouse.G9">
      <assignment original="false" backup="false" contextid="Button1" shiftstate="1" macroguid="{29E2DEFE-B057-449A-B57F-21105AE2AA48}"/>
      <assignment original="false" backup="false" contextid="Button2" shiftstate="1" macroguid="{A2DE582D-D851-40F9-9AD0-3FBF600F013F}"/>
      <assignment original="false" backup="false" contextid="Button3" shiftstate="1" macroguid="{D4506B81-9363-4AC3-85E6-7666B50B209D}"/>
      <assignment original="false" backup="false" contextid="Button7" shiftstate="1" macroguid="{B85A4FE2-C01F-4797-B6C1-8CAA9DE73477}"/>
      <assignment original="false" backup="false" contextid="Button8" shiftstate="1" macroguid="{7CAC164A-5CBB-4FA5-AD99-D6A5F0C8198A}"/>
      <assignment original="false" backup="false" contextid="Button9" shiftstate="1" macroguid="{DEB8132C-4DDB-4751-A14D-252437DECF16}"/>
      <assignment original="false" backup="false" contextid="Button10" shiftstate="1" macroguid="{3CD758BA-1BFD-4C59-AAC1-0CA25F9D0BAB}"/>
      <assignment original="false" backup="false" contextid="Button4" shiftstate="1" macroguid="{DCF50AE2-0015-4381-0002-4F0F5A9E9803}"/>
      <assignment original="false" backup="false" contextid="Button5" shiftstate="1" macroguid="{DCF50AE2-0012-4381-0002-4F0F5A9E9803}"/>
    </assignments>
    <pointers>
      <pointer devicemodel="Logitech.Gaming.Mouse.G9XCOD">
        <mode shiftstate="1">
          <reportrate rate="500"/>
          <powermode value="2"/>
          <dpitable defaultindex="1" shiftindex="1" syncxy="1">
            <dpi x="400" y="400" enabled="1"/>
            <dpi x="800" y="800" enabled="1"/>
            <dpi x="1600" y="1600" enabled="1"/>
            <dpi x="3200" y="3200" enabled="1"/>
          </dpitable>
          <movement speed="-1" acceleration="1"/>
        </mode>
      </pointer>
    </pointers>
    <backlight devicemodel="Logitech.Gaming.Mouse.G9XCOD">
      <mode shiftstate="1" color="#00f0ff"/>
      <mode shiftstate="2" color="#00ff00"/>
      <mode shiftstate="3" color="#00ff00"/>
    </backlight>
    <backlight devicemodel="Logitech.Gaming.LeftHandedController.G13">
      <mode shiftstate="1" color="#ff0000"/>
      <mode shiftstate="2" color="#5aff6e"/>
      <mode shiftstate="3" color="#5aff6e"/>
    </backlight>
    <script>function OnEvent(event, arg)
    OutputLogMessage("event = %s, arg = %s\n", event, arg)
end</script>
  </profile>
</profiles>
