<?xml version="1.0" encoding="utf-8"?>
<profiles xmlns="http://www.logitech.com/Cassandra/2010.7/Profile">
  <profile gkeysdk="0" guid="{5B240FDB-1492-4928-A653-BC70C70D0849}" lock="0" name="Mass Effect">
    <description></description>
    <target path="D:\SteamLibrary\steamapps\common\Mass Effect\Binaries\MassEffect.exe"/>
    <signature key="HKEY_LOCAL_MACHINE\SOFTWARE\BioWare\Mass Effect" value="Path" executable="Binaries\MassEffect.exe" name=""/>
    <signature key="HKEY_LOCAL_MACHINE\SOFTWARE\Microsoft\Windows\CurrentVersion\Uninstall\Steam App 17460" value="InstallLocation" executable="Binaries\MassEffect.exe" name=""/>
    <macros>
      <macro guid="{29E2DEFE-B057-449A-B57F-21105AE2AA48}" hidden="false" name="Left Click">
        <mousefunction xmlns="http://www.logitech.com/Cassandra/2010.1/Macros/MouseFunction">
          <do task="leftclick"/>
        </mousefunction>
      </macro>
      <macro guid="{A2DE582D-D851-40F9-9AD0-3FBF600F013F}" hidden="false" name="Right Click">
        <mousefunction xmlns="http://www.logitech.com/Cassandra/2010.1/Macros/MouseFunction">
          <do task="rightclick"/>
        </mousefunction>
      </macro>
      <macro guid="{D4506B81-9363-4AC3-85E6-7666B50B209D}" hidden="false" name="Middle Click">
        <mousefunction xmlns="http://www.logitech.com/Cassandra/2010.1/Macros/MouseFunction">
          <do task="middleclick"/>
        </mousefunction>
      </macro>
      <macro guid="{FD42BE12-E148-44E5-9597-0170AFD24260}" hidden="false" name="Back">
        <mousefunction xmlns="http://www.logitech.com/Cassandra/2010.1/Macros/MouseFunction">
          <do task="back"/>
        </mousefunction>
      </macro>
      <macro guid="{84BE25C9-EA63-4E76-994C-C3660AD50910}" hidden="false" name="Forward">
        <mousefunction xmlns="http://www.logitech.com/Cassandra/2010.1/Macros/MouseFunction">
          <do task="forward"/>
        </mousefunction>
      </macro>
      <macro guid="{B85A4FE2-C01F-4797-B6C1-8CAA9DE73477}" hidden="false" name="Scroll Left">
        <mousefunction xmlns="http://www.logitech.com/Cassandra/2010.1/Macros/MouseFunction">
          <do task="scrollleft"/>
        </mousefunction>
      </macro>
      <macro guid="{7CAC164A-5CBB-4FA5-AD99-D6A5F0C8198A}" hidden="false" name="Scroll Right">
        <mousefunction xmlns="http://www.logitech.com/Cassandra/2010.1/Macros/MouseFunction">
          <do task="scrollright"/>
        </mousefunction>
      </macro>
      <macro devicecategory="Logitech.Gaming.Mouse" guid="{DEB8132C-4DDB-4751-A14D-252437DECF16}" hidden="false" name="DPI Up">
        <mousefunction xmlns="http://www.logitech.com/Cassandra/2010.1/Macros/MouseFunction">
          <do task="dpiup"/>
        </mousefunction>
      </macro>
      <macro devicecategory="Logitech.Gaming.Mouse" guid="{3CD758BA-1BFD-4C59-AAC1-0CA25F9D0BAB}" hidden="false" name="DPI Down">
        <mousefunction xmlns="http://www.logitech.com/Cassandra/2010.1/Macros/MouseFunction">
          <do task="dpidown"/>
        </mousefunction>
      </macro>
      <macro backupguid="{C8E0EC6E-10EB-4AF9-89EC-4C10D7976368}" guid="{A35BEACA-AA73-4829-BD8E-8D5CD5354875}" hidden="false" name="Walk">
        <multikey xmlns="http://www.logitech.com/Cassandra/2010.1/Macros/MultiKey">
          <key direction="down" value="Z"/>
          <key direction="up" value="Z"/>
        </multikey>
      </macro>
      <macro backupguid="{DC98D765-F33D-4605-8BCA-2176383F11D9}" guid="{7F026F63-B713-4A3C-9774-9156D888A976}" hidden="false" name="Shotgun">
        <multikey xmlns="http://www.logitech.com/Cassandra/2010.1/Macros/MultiKey">
          <key direction="down" value="F2"/>
          <key direction="up" value="F2"/>
        </multikey>
      </macro>
      <macro backupguid="{5ED190CC-716B-43D7-B65F-CFF44FB3610B}" guid="{B2AE6C7A-931D-4C97-B964-A07F66A55088}" hidden="false" name="Sniper Rifle">
        <multikey xmlns="http://www.logitech.com/Cassandra/2010.1/Macros/MultiKey">
          <key direction="down" value="F4"/>
          <key direction="up" value="F4"/>
        </multikey>
      </macro>
      <macro backupguid="{0C6F97E2-9F7C-485D-8353-5E90BC788A56}" guid="{8CDB2CB7-D2E7-420D-8817-9B8C4EBC6147}" hidden="false" name="Sprint/Storm/Turret Zoom">
        <multikey xmlns="http://www.logitech.com/Cassandra/2010.1/Macros/MultiKey">
          <key direction="down" value="LSHIFT"/>
          <key direction="up" value="LSHIFT"/>
        </multikey>
      </macro>
      <macro backupguid="{382ED488-F038-4679-A70E-8E0BFB692976}" guid="{23672AEA-83D5-4010-9A79-F905E47E9555}" hidden="false" name="Squad">
        <multikey xmlns="http://www.logitech.com/Cassandra/2010.1/Macros/MultiKey">
          <key direction="down" value="U"/>
          <key direction="up" value="U"/>
        </multikey>
      </macro>
      <macro backupguid="{9E7F4983-56BB-4E72-AAED-8C6DB91EEC63}" guid="{919ACB8E-EA16-4B5C-B53D-8901BAB63AAD}" hidden="false" name="Tactics HUD">
        <multikey xmlns="http://www.logitech.com/Cassandra/2010.1/Macros/MultiKey">
          <key direction="down" value="SPACEBAR"/>
          <key direction="up" value="SPACEBAR"/>
        </multikey>
      </macro>
      <macro backupguid="{BC1FEC1C-8B8E-4B63-B41E-2C1D731EC442}" guid="{5A798CEC-D7B2-4F3B-87E7-033AA5ACA474}" hidden="false" name="Take Cover Order">
        <multikey xmlns="http://www.logitech.com/Cassandra/2010.1/Macros/MultiKey">
          <key direction="down" value="DOWN"/>
          <key direction="up" value="DOWN"/>
        </multikey>
      </macro>
      <macro backupguid="{39E7585A-28C9-4D88-9DA7-D271B31991A4}" guid="{6A0B8395-9866-4BE3-933F-F3F23A7C9E19}" hidden="false" name="Throw/Detonate Grenade">
        <multikey xmlns="http://www.logitech.com/Cassandra/2010.1/Macros/MultiKey">
          <key direction="down" value="R"/>
          <key direction="up" value="R"/>
        </multikey>
      </macro>
      <macro backupguid="{81CFE3FC-2D3C-4FD1-9D49-20A4B7A5F1E8}" guid="{E8A18EDE-2C28-4E41-822F-6F3BC26D5B8A}" hidden="false" name="Thrusters">
        <multikey xmlns="http://www.logitech.com/Cassandra/2010.1/Macros/MultiKey">
          <key direction="down" value="SPACEBAR"/>
          <key direction="up" value="SPACEBAR"/>
        </multikey>
      </macro>
      <macro backupguid="{2E1324F2-3124-4F5A-9DC0-D5092BA10125}" guid="{462522B3-499B-43C0-95E0-BB9F16FD4686}" hidden="false" name="Toggle Quick Slots">
        <multikey xmlns="http://www.logitech.com/Cassandra/2010.1/Macros/MultiKey">
          <key direction="down" value="V"/>
          <key direction="up" value="V"/>
        </multikey>
      </macro>
      <macro backupguid="{52E7BBE9-FD87-44B8-8988-AE77A7DF7317}" guid="{2DF543A8-B598-4225-9A01-280985B02495}" hidden="false" name="Mission Computer">
        <multikey xmlns="http://www.logitech.com/Cassandra/2010.1/Macros/MultiKey">
          <key direction="down" value="ESCAPE"/>
          <key direction="up" value="ESCAPE"/>
        </multikey>
      </macro>
      <macro backupguid="{01F2EB9B-17D7-4774-A0F2-8DD4B93DC45D}" guid="{36C18988-416C-4969-90AE-4550FDA1CC0B}" hidden="false" name="Move Down">
        <multikey xmlns="http://www.logitech.com/Cassandra/2010.1/Macros/MultiKey">
          <key direction="down" value="S"/>
          <key direction="up" value="S"/>
        </multikey>
      </macro>
      <macro backupguid="{4D7035C5-912B-4322-B582-5671D85AFCD0}" guid="{C5F726C7-38CF-4070-B75D-09D20720674E}" hidden="false" name="Move Left">
        <multikey xmlns="http://www.logitech.com/Cassandra/2010.1/Macros/MultiKey">
          <key direction="down" value="A"/>
          <key direction="up" value="A"/>
        </multikey>
      </macro>
      <macro backupguid="{445BFA44-A9A5-4FC9-BD44-82D77B66B60A}" guid="{4D5F5981-B298-44E6-BA02-59170076CF36}" hidden="false" name="Move Order">
        <multikey xmlns="http://www.logitech.com/Cassandra/2010.1/Macros/MultiKey">
          <key direction="down" value="UP"/>
          <key direction="up" value="UP"/>
        </multikey>
      </macro>
      <macro backupguid="{C85AB0D3-6AC4-453D-8686-D24C1374808C}" guid="{9E988D1D-A63D-4BF2-9F82-5F4DD65B0F1A}" hidden="false" name="Move Right">
        <multikey xmlns="http://www.logitech.com/Cassandra/2010.1/Macros/MultiKey">
          <key direction="down" value="D"/>
          <key direction="up" value="D"/>
        </multikey>
      </macro>
      <macro backupguid="{6F8C3C41-CE39-4F73-AE72-245C43CBCE20}" guid="{1B0518CB-F3B7-4970-8576-BF82F49EFA52}" hidden="false" name="Move Up">
        <multikey xmlns="http://www.logitech.com/Cassandra/2010.1/Macros/MultiKey">
          <key direction="down" value="W"/>
          <key direction="up" value="W"/>
        </multikey>
      </macro>
      <macro backupguid="{AAC4D76C-2037-4856-BBE0-F6CC5505DAE4}" guid="{52F1F666-7B41-4F2E-952E-1FA416C7FF8A}" hidden="false" name="Next Weapon">
        <multikey xmlns="http://www.logitech.com/Cassandra/2010.1/Macros/MultiKey">
          <key direction="down" value="RBRACKET"/>
          <key direction="up" value="RBRACKET"/>
        </multikey>
      </macro>
      <macro backupguid="{E2CE9358-9CB6-4254-8951-B0BB526C5881}" guid="{92FC2DE9-A19E-4FCF-974B-DA2E7AA22C1F}" hidden="false" name="Pistol">
        <multikey xmlns="http://www.logitech.com/Cassandra/2010.1/Macros/MultiKey">
          <key direction="down" value="F1"/>
          <key direction="up" value="F1"/>
        </multikey>
      </macro>
      <macro backupguid="{5AAF5FA5-48E5-491B-8FC2-BE53D37CB93F}" guid="{3CC60865-F48A-4E3A-9997-18589BAE44EB}" hidden="false" name="Previous Weapon">
        <multikey xmlns="http://www.logitech.com/Cassandra/2010.1/Macros/MultiKey">
          <key direction="down" value="LBRACKET"/>
          <key direction="up" value="LBRACKET"/>
        </multikey>
      </macro>
      <macro backupguid="{E8C03764-24C8-4488-B630-14CE635459A7}" guid="{34AE2B75-1F1B-413F-9483-FFCE1F04D44D}" hidden="false" name="Quick Save">
        <multikey xmlns="http://www.logitech.com/Cassandra/2010.1/Macros/MultiKey">
          <key direction="down" value="F6"/>
          <key direction="up" value="F6"/>
        </multikey>
      </macro>
      <macro backupguid="{A9AA27AF-DF2B-47E4-90C6-F23277DFEFB3}" guid="{8E66E91D-4686-41DF-9E71-27D6087309B4}" hidden="false" name="Quick Slots 1">
        <multikey xmlns="http://www.logitech.com/Cassandra/2010.1/Macros/MultiKey">
          <key direction="down" value="1"/>
          <key direction="up" value="1"/>
        </multikey>
      </macro>
      <macro backupguid="{6F9928BA-125B-4594-9E8B-640D339BCB24}" guid="{4A9D8ED8-2D06-467A-9269-99FDCBDBBC6B}" hidden="false" name="Quick Slots 2">
        <multikey xmlns="http://www.logitech.com/Cassandra/2010.1/Macros/MultiKey">
          <key direction="down" value="2"/>
          <key direction="up" value="2"/>
        </multikey>
      </macro>
      <macro backupguid="{56886307-24E9-4D7F-B14B-EB997085E74D}" guid="{8ED14A21-886A-4FAD-A2B3-3D9E193512D0}" hidden="false" name="Quick Slots 3">
        <multikey xmlns="http://www.logitech.com/Cassandra/2010.1/Macros/MultiKey">
          <key direction="down" value="3"/>
          <key direction="up" value="3"/>
        </multikey>
      </macro>
      <macro backupguid="{9CA22595-B33C-4A96-97D7-6A2E439809CC}" guid="{F0CCEEF8-5C16-466F-A016-279CF7781F42}" hidden="false" name="Quick Slots 4">
        <multikey xmlns="http://www.logitech.com/Cassandra/2010.1/Macros/MultiKey">
          <key direction="down" value="4"/>
          <key direction="up" value="4"/>
        </multikey>
      </macro>
      <macro backupguid="{C67512CF-9D02-4C53-8389-A31FE72EE9C6}" guid="{86EAB442-3324-479A-92AF-90B7202168EB}" hidden="false" name="Quick Slots 5">
        <multikey xmlns="http://www.logitech.com/Cassandra/2010.1/Macros/MultiKey">
          <key direction="down" value="5"/>
          <key direction="up" value="5"/>
        </multikey>
      </macro>
      <macro backupguid="{52DE7DF0-193E-4E52-8628-D7A37A0D9940}" guid="{A5180EC5-EDB6-45D4-8D5B-6A02BE7D2388}" hidden="false" name="Quick Slots 6">
        <multikey xmlns="http://www.logitech.com/Cassandra/2010.1/Macros/MultiKey">
          <key direction="down" value="6"/>
          <key direction="up" value="6"/>
        </multikey>
      </macro>
      <macro backupguid="{EE44BFEB-DDBD-4CFF-97FB-10596A737731}" guid="{57B555E4-B5CB-48E9-9456-1B9B415154B2}" hidden="false" name="Quick Slots 7">
        <multikey xmlns="http://www.logitech.com/Cassandra/2010.1/Macros/MultiKey">
          <key direction="down" value="7"/>
          <key direction="up" value="7"/>
        </multikey>
      </macro>
      <macro backupguid="{EDF99915-B01C-4D97-8B04-56994D5B8030}" guid="{415BF166-4AA7-4639-B69F-1FF2A308F0DF}" hidden="false" name="Quick Slots 8">
        <multikey xmlns="http://www.logitech.com/Cassandra/2010.1/Macros/MultiKey">
          <key direction="down" value="8"/>
          <key direction="up" value="8"/>
        </multikey>
      </macro>
      <macro backupguid="{18F7A4AA-E99A-4D0C-8740-AE6FD183CC7F}" guid="{3650FA7C-00CB-415D-8E21-8EC42E932C2B}" hidden="false" name="Rally Order">
        <multikey xmlns="http://www.logitech.com/Cassandra/2010.1/Macros/MultiKey">
          <key direction="down" value="LEFT"/>
          <key direction="up" value="LEFT"/>
        </multikey>
      </macro>
      <macro backupguid="{28CDE6C0-2C12-46E2-8BDB-988C7700BDFA}" guid="{CD6C3D1E-AC60-4590-8BB0-356E0F1971E5}" hidden="false" name="Return to Normandy">
        <multikey xmlns="http://www.logitech.com/Cassandra/2010.1/Macros/MultiKey">
          <key direction="down" value="N"/>
          <key direction="up" value="N"/>
        </multikey>
      </macro>
      <macro backupguid="{744F5863-D87F-4A5A-AF5E-92EEC11B459B}" guid="{688E3F6A-3612-4E81-AFD1-0BDE0F48F072}" hidden="false" name="Map">
        <multikey xmlns="http://www.logitech.com/Cassandra/2010.1/Macros/MultiKey">
          <key direction="down" value="M"/>
          <key direction="up" value="M"/>
        </multikey>
      </macro>
      <macro backupguid="{48696C8C-116F-4951-ABBB-F159525B2341}" guid="{AD32BAFA-0637-4319-B651-F3B677D0E134}" hidden="false" name="Interact/Enter Vehicle/Change Zoom Level">
        <multikey xmlns="http://www.logitech.com/Cassandra/2010.1/Macros/MultiKey">
          <key direction="down" value="E"/>
          <key direction="up" value="E"/>
        </multikey>
      </macro>
      <macro backupguid="{DA0CE3C5-6CC8-4B23-8878-6A01F0615B04}" guid="{D02C2690-5A5B-44E3-A63C-E348C40C9EE6}" hidden="false" name="Journal">
        <multikey xmlns="http://www.logitech.com/Cassandra/2010.1/Macros/MultiKey">
          <key direction="down" value="J"/>
          <key direction="up" value="J"/>
        </multikey>
      </macro>
      <macro backupguid="{3C40E368-D239-42E9-A211-95DFAD39708F}" guid="{0A2E4199-BF6B-4028-A2A3-860CBE0A2962}" hidden="false" name="Equipment">
        <multikey xmlns="http://www.logitech.com/Cassandra/2010.1/Macros/MultiKey">
          <key direction="down" value="I"/>
          <key direction="up" value="I"/>
        </multikey>
      </macro>
      <macro backupguid="{1787EE39-6EBB-46B9-B9D6-9199DC891F9A}" guid="{18D5C388-B7DD-4700-91B8-9E8C225574A5}" hidden="false" name="First Aid/Repair Vehicle">
        <multikey xmlns="http://www.logitech.com/Cassandra/2010.1/Macros/MultiKey">
          <key direction="down" value="F"/>
          <key direction="up" value="F"/>
        </multikey>
      </macro>
      <macro backupguid="{757790E8-B4E3-4C1F-AE99-33A0F942D45F}" guid="{EFB7C6B0-E0F1-406A-85E8-6240C31ADF3F}" hidden="false" name="Assault Rifle">
        <multikey xmlns="http://www.logitech.com/Cassandra/2010.1/Macros/MultiKey">
          <key direction="down" value="F3"/>
          <key direction="up" value="F3"/>
        </multikey>
      </macro>
      <macro backupguid="{C847378A-2395-4379-8224-607B631E2F56}" guid="{97B0D25D-68FA-46A3-BBB9-EC086FA46019}" hidden="false" name="Attack Order">
        <multikey xmlns="http://www.logitech.com/Cassandra/2010.1/Macros/MultiKey">
          <key direction="down" value="RIGHT"/>
          <key direction="up" value="RIGHT"/>
        </multikey>
      </macro>
      <macro backupguid="{FA7CC606-FA16-4A59-BD97-F252F27DBB3D}" guid="{BC0726B0-6364-49F4-B8E2-C60A8764AB66}" hidden="false" name="Cancel / Exit Vehicle">
        <multikey xmlns="http://www.logitech.com/Cassandra/2010.1/Macros/MultiKey">
          <key direction="down" value="Q"/>
          <key direction="up" value="Q"/>
        </multikey>
      </macro>
      <macro backupguid="{E664113B-65DF-4391-A665-D37FAB4DEF7B}" guid="{4D441F04-8BEB-4176-B6A4-311A538B41A2}" hidden="false" name="Codex">
        <multikey xmlns="http://www.logitech.com/Cassandra/2010.1/Macros/MultiKey">
          <key direction="down" value="O"/>
          <key direction="up" value="O"/>
        </multikey>
      </macro>
      <macro backupguid="{93D54A8C-0B7F-44BE-AAE1-712EFCDFF62E}" guid="{01A0DAC6-2DA2-46A4-B182-D7D7F37887FE}" hidden="false" name="Crouch">
        <multikey xmlns="http://www.logitech.com/Cassandra/2010.1/Macros/MultiKey">
          <key direction="down" value="LCTRL"/>
          <key direction="up" value="LCTRL"/>
        </multikey>
      </macro>
      <macro guid="{08D8ADF0-10F6-4F65-AB63-CC67457CBA45}" hidden="false" name="Forward">
        <keystroke xmlns="http://www.logitech.com/Cassandra/2010.1/Macros/Keystroke">
          <key value="W"/>
        </keystroke>
      </macro>
      <macro guid="{F98EAEEF-97E5-4AAD-A2D3-4E4892EC347F}" hidden="false" name="Backward">
        <keystroke xmlns="http://www.logitech.com/Cassandra/2010.1/Macros/Keystroke">
          <key value="S"/>
        </keystroke>
      </macro>
      <macro guid="{CD7E222E-5AE3-4848-934B-6BA5B3001CE8}" hidden="false" name="Left">
        <keystroke xmlns="http://www.logitech.com/Cassandra/2010.1/Macros/Keystroke">
          <key value="A"/>
        </keystroke>
      </macro>
      <macro guid="{B10659C3-798D-4EE0-A25E-933D064BC1A5}" hidden="false" name="Right">
        <keystroke xmlns="http://www.logitech.com/Cassandra/2010.1/Macros/Keystroke">
          <key value="D"/>
        </keystroke>
      </macro>
      <macro guid="{7ACAADBA-3337-4668-84A5-E1927798FE73}" hidden="false" name="Tactics HUD">
        <keystroke xmlns="http://www.logitech.com/Cassandra/2010.1/Macros/Keystroke">
          <key value="SPACEBAR"/>
        </keystroke>
      </macro>
      <macro guid="{AF725D0B-F1B2-4EA1-889D-C3273C0C7D7F}" hidden="false" name="Map">
        <keystroke xmlns="http://www.logitech.com/Cassandra/2010.1/Macros/Keystroke">
          <key value="M"/>
        </keystroke>
      </macro>
      <macro guid="{12DB3DAA-84D5-4B9C-A2BF-5828E7FA581C}" hidden="false" name="Equipment">
        <keystroke xmlns="http://www.logitech.com/Cassandra/2010.1/Macros/Keystroke">
          <key value="I"/>
        </keystroke>
      </macro>
      <macro guid="{5DEFB6B0-518E-45A4-8BE1-6E7F5C794D63}" hidden="false" name="Squad">
        <keystroke xmlns="http://www.logitech.com/Cassandra/2010.1/Macros/Keystroke">
          <key value="U"/>
        </keystroke>
      </macro>
      <macro guid="{C13483BB-6DF7-4DE3-8FD6-9184354354B0}" hidden="false" name="Journal">
        <keystroke xmlns="http://www.logitech.com/Cassandra/2010.1/Macros/Keystroke">
          <key value="J"/>
        </keystroke>
      </macro>
      <macro guid="{0FA3E58D-D982-483D-BFEB-BB57C0B01644}" hidden="false" name="Codex">
        <keystroke xmlns="http://www.logitech.com/Cassandra/2010.1/Macros/Keystroke">
          <key value="O"/>
        </keystroke>
      </macro>
      <macro guid="{902C7A27-02F9-47C9-BE11-AB78A9E14424}" hidden="false" name="Quick Save">
        <keystroke xmlns="http://www.logitech.com/Cassandra/2010.1/Macros/Keystroke">
          <key value="F6"/>
        </keystroke>
      </macro>
      <macro guid="{4FBAE4E8-5E74-4EB9-86FC-7AAFA82DFCE7}" hidden="false" name="Storm">
        <keystroke xmlns="http://www.logitech.com/Cassandra/2010.1/Macros/Keystroke">
          <key value="LSHIFT"/>
        </keystroke>
      </macro>
      <macro guid="{C4268973-D114-484A-A125-381FCF063D34}" hidden="false" name="Toggle Movement Speed">
        <keystroke xmlns="http://www.logitech.com/Cassandra/2010.1/Macros/Keystroke">
          <key value="Z"/>
        </keystroke>
      </macro>
      <macro guid="{AAFC2740-5722-47E0-90E4-1CBAA2A1B661}" hidden="false" name="Crouch">
        <keystroke xmlns="http://www.logitech.com/Cassandra/2010.1/Macros/Keystroke">
          <key value="LCTRL"/>
        </keystroke>
      </macro>
      <macro guid="{04F82B30-AFBE-443F-A2DD-CC6C09A2DBBE}" hidden="false" name="Grenade">
        <keystroke xmlns="http://www.logitech.com/Cassandra/2010.1/Macros/Keystroke">
          <key value="R"/>
        </keystroke>
      </macro>
      <macro guid="{20FA63F9-FFEF-41CA-9DBE-23B29831282F}" hidden="false" name="First aid">
        <keystroke xmlns="http://www.logitech.com/Cassandra/2010.1/Macros/Keystroke">
          <key value="F"/>
        </keystroke>
      </macro>
      <macro guid="{A14DE388-2AED-4DE0-B656-604FED8BDF83}" hidden="false" name="Draw/Hoslter Weapon">
        <keystroke xmlns="http://www.logitech.com/Cassandra/2010.1/Macros/Keystroke">
          <key value="Q"/>
        </keystroke>
      </macro>
      <macro guid="{9FAF600D-F2F4-440E-A5FA-EFAE13D7C756}" hidden="false" name="Previous Weapon">
        <keystroke xmlns="http://www.logitech.com/Cassandra/2010.1/Macros/Keystroke">
          <key value="LBRACKET"/>
        </keystroke>
      </macro>
      <macro guid="{EF3993AB-EF03-4D88-AE2B-60264DB9608E}" hidden="false" name="Next Weapon">
        <keystroke xmlns="http://www.logitech.com/Cassandra/2010.1/Macros/Keystroke">
          <key value="RBRACKET"/>
        </keystroke>
      </macro>
      <macro guid="{4BEDD2DD-2312-419C-AC41-EF10B2C18818}" hidden="false" name="Pistol">
        <keystroke xmlns="http://www.logitech.com/Cassandra/2010.1/Macros/Keystroke">
          <key value="F1"/>
        </keystroke>
      </macro>
      <macro guid="{991DC276-9F94-4F48-99D4-E962E1F944D4}" hidden="false" name="Shotgun">
        <keystroke xmlns="http://www.logitech.com/Cassandra/2010.1/Macros/Keystroke">
          <key value="F2"/>
        </keystroke>
      </macro>
      <macro guid="{E5DC7980-211E-4BA3-9532-021E874FF84E}" hidden="false" name="Assalt Rifle">
        <keystroke xmlns="http://www.logitech.com/Cassandra/2010.1/Macros/Keystroke">
          <key value="F3"/>
        </keystroke>
      </macro>
      <macro guid="{97540572-AAB0-4170-8FB3-1E373555CFDB}" hidden="false" name="Sniper Rifle">
        <keystroke xmlns="http://www.logitech.com/Cassandra/2010.1/Macros/Keystroke">
          <key value="F4"/>
        </keystroke>
      </macro>
      <macro guid="{B363349F-1C14-4721-8426-ECE03503A328}" hidden="false" name="Toggle quick slots">
        <keystroke xmlns="http://www.logitech.com/Cassandra/2010.1/Macros/Keystroke">
          <key value="V"/>
        </keystroke>
      </macro>
      <macro guid="{52902271-98A0-46F0-9919-3DB3331C6C4A}" hidden="false" name="Quick slot 1">
        <keystroke xmlns="http://www.logitech.com/Cassandra/2010.1/Macros/Keystroke">
          <key value="1"/>
        </keystroke>
      </macro>
      <macro guid="{7F5BD008-8ED3-4E9B-905B-76A01B6A34BF}" hidden="false" name="Quick slot 2">
        <keystroke xmlns="http://www.logitech.com/Cassandra/2010.1/Macros/Keystroke">
          <key value="2"/>
        </keystroke>
      </macro>
      <macro guid="{5D9C8D3C-5A22-4095-A22F-932D770AE784}" hidden="false" name="Quick slot 3">
        <keystroke xmlns="http://www.logitech.com/Cassandra/2010.1/Macros/Keystroke">
          <key value="3"/>
        </keystroke>
      </macro>
      <macro guid="{062230C9-279E-4069-95F6-8D7D77C2DAED}" hidden="false" name="Quick slot 4">
        <keystroke xmlns="http://www.logitech.com/Cassandra/2010.1/Macros/Keystroke">
          <key value="4"/>
        </keystroke>
      </macro>
      <macro guid="{98DAEEC7-D6E9-4DF1-98DA-5F424C34B9B2}" hidden="false" name="Quick slot 5">
        <keystroke xmlns="http://www.logitech.com/Cassandra/2010.1/Macros/Keystroke">
          <key value="5"/>
        </keystroke>
      </macro>
      <macro guid="{348B229A-91E3-4F49-B2F2-4329B010D56E}" hidden="false" name="Quick slot 6">
        <keystroke xmlns="http://www.logitech.com/Cassandra/2010.1/Macros/Keystroke">
          <key value="6"/>
        </keystroke>
      </macro>
      <macro guid="{425ACBAD-26A9-4EE7-85E2-78949C8E2B92}" hidden="false" name="Quick slot 7">
        <keystroke xmlns="http://www.logitech.com/Cassandra/2010.1/Macros/Keystroke">
          <key value="7"/>
        </keystroke>
      </macro>
      <macro guid="{9B3D7A1D-A05D-4EA3-B59B-318D8F59BB88}" hidden="false" name="Quick slot 8">
        <keystroke xmlns="http://www.logitech.com/Cassandra/2010.1/Macros/Keystroke">
          <key value="8"/>
        </keystroke>
      </macro>
      <macro guid="{3A37A0D5-62C2-4C2E-9424-401CD2190CED}" hidden="false" name="Order: Move">
        <keystroke xmlns="http://www.logitech.com/Cassandra/2010.1/Macros/Keystroke">
          <key value="UP"/>
        </keystroke>
      </macro>
      <macro guid="{A0FF3A71-9269-44BA-9549-ED3F6FEFDBDB}" hidden="false" name="Order: Rally">
        <keystroke xmlns="http://www.logitech.com/Cassandra/2010.1/Macros/Keystroke">
          <key value="DOWN"/>
        </keystroke>
      </macro>
      <macro guid="{0834F128-6448-4F44-9308-8DF403EB5266}" hidden="false" name="Order: Attack">
        <keystroke xmlns="http://www.logitech.com/Cassandra/2010.1/Macros/Keystroke">
          <key value="LEFT"/>
        </keystroke>
      </macro>
      <macro guid="{3A9EE74D-D5D4-42F3-8691-378C90BDAD8B}" hidden="false" name="Order:  Hold">
        <keystroke xmlns="http://www.logitech.com/Cassandra/2010.1/Macros/Keystroke">
          <key value="RIGHT"/>
        </keystroke>
      </macro>
      <macro guid="{0B9AD666-DC5D-401F-ACE9-829A02E69E78}" hidden="false" name="Return to Normandy">
        <keystroke xmlns="http://www.logitech.com/Cassandra/2010.1/Macros/Keystroke">
          <key value="N"/>
        </keystroke>
      </macro>
      <macro guid="{943552EF-2AFB-47AE-AC9B-0B2D57C306DD}" hidden="false" name="Interact">
        <keystroke xmlns="http://www.logitech.com/Cassandra/2010.1/Macros/Keystroke">
          <key value="E"/>
        </keystroke>
      </macro>
    </macros>
    <assignments devicecategory="Logitech.Gaming.LeftHandedController">
      <assignment original="false" backup="true" contextid="G4" shiftstate="1" macroguid="{6F8C3C41-CE39-4F73-AE72-245C43CBCE20}"/>
      <assignment original="false" backup="true" contextid="G11" shiftstate="1" macroguid="{01F2EB9B-17D7-4774-A0F2-8DD4B93DC45D}"/>
      <assignment original="false" backup="true" contextid="G10" shiftstate="1" macroguid="{4D7035C5-912B-4322-B582-5671D85AFCD0}"/>
      <assignment original="false" backup="true" contextid="G12" shiftstate="1" macroguid="{C85AB0D3-6AC4-453D-8686-D24C1374808C}"/>
      <assignment original="false" backup="true" contextid="G20" shiftstate="1" macroguid="{93D54A8C-0B7F-44BE-AAE1-712EFCDFF62E}"/>
      <assignment original="false" backup="true" contextid="G15" shiftstate="1" macroguid="{0C6F97E2-9F7C-485D-8353-5E90BC788A56}"/>
      <assignment original="false" backup="true" contextid="G16" shiftstate="1" macroguid="{C8E0EC6E-10EB-4AF9-89EC-4C10D7976368}"/>
      <assignment original="false" backup="true" contextid="G5" shiftstate="1" macroguid="{48696C8C-116F-4951-ABBB-F159525B2341}"/>
      <assignment original="false" backup="true" contextid="G13" shiftstate="1" macroguid="{1787EE39-6EBB-46B9-B9D6-9199DC891F9A}"/>
      <assignment original="false" backup="true" contextid="G27" shiftstate="1" macroguid="{C847378A-2395-4379-8224-607B631E2F56}"/>
      <assignment original="false" backup="true" contextid="G1" shiftstate="1" macroguid="{E2CE9358-9CB6-4254-8951-B0BB526C5881}"/>
      <assignment original="false" backup="true" contextid="G29" shiftstate="1" macroguid="{18F7A4AA-E99A-4D0C-8740-AE6FD183CC7F}"/>
      <assignment original="false" backup="true" contextid="G26" shiftstate="1" macroguid="{445BFA44-A9A5-4FC9-BD44-82D77B66B60A}"/>
      <assignment original="false" backup="true" contextid="G22" shiftstate="1" macroguid="{9E7F4983-56BB-4E72-AAED-8C6DB91EEC63}"/>
      <assignment original="false" backup="true" contextid="G28" shiftstate="1" macroguid="{BC1FEC1C-8B8E-4B63-B41E-2C1D731EC442}"/>
      <assignment original="false" backup="true" contextid="G3" shiftstate="1" macroguid="{FA7CC606-FA16-4A59-BD97-F252F27DBB3D}"/>
      <assignment original="false" backup="true" contextid="G14" shiftstate="1" macroguid="{3C40E368-D239-42E9-A211-95DFAD39708F}"/>
      <assignment original="false" backup="true" contextid="G23" shiftstate="1" macroguid="{AAC4D76C-2037-4856-BBE0-F6CC5505DAE4}"/>
      <assignment original="false" backup="true" contextid="G24" shiftstate="1" macroguid="{5AAF5FA5-48E5-491B-8FC2-BE53D37CB93F}"/>
      <assignment original="false" backup="true" contextid="G19" shiftstate="1" macroguid="{39E7585A-28C9-4D88-9DA7-D271B31991A4}"/>
      <assignment original="false" backup="true" contextid="G7" shiftstate="1" macroguid="{E664113B-65DF-4391-A665-D37FAB4DEF7B}"/>
      <assignment original="false" backup="true" contextid="G6" shiftstate="1" macroguid="{DA0CE3C5-6CC8-4B23-8878-6A01F0615B04}"/>
      <assignment original="false" backup="true" contextid="G18" shiftstate="1" macroguid="{28CDE6C0-2C12-46E2-8BDB-988C7700BDFA}"/>
      <assignment original="false" backup="true" contextid="G21" shiftstate="1" macroguid="{2E1324F2-3124-4F5A-9DC0-D5092BA10125}"/>
      <assignment original="false" backup="true" contextid="G17" shiftstate="1" macroguid="{382ED488-F038-4679-A70E-8E0BFB692976}"/>
      <assignment original="false" backup="true" contextid="G2" shiftstate="1" macroguid="{757790E8-B4E3-4C1F-AE99-33A0F942D45F}"/>
      <assignment original="false" backup="true" contextid="G8" shiftstate="1" macroguid="{DC98D765-F33D-4605-8BCA-2176383F11D9}"/>
      <assignment original="false" backup="true" contextid="G9" shiftstate="1" macroguid="{5ED190CC-716B-43D7-B65F-CFF44FB3610B}"/>
      <assignment original="false" backup="true" contextid="G25" shiftstate="1" macroguid="{52E7BBE9-FD87-44B8-8988-AE77A7DF7317}"/>
      <assignment original="false" backup="false" contextid="G12" shiftstate="1" macroguid="{B10659C3-798D-4EE0-A25E-933D064BC1A5}"/>
      <assignment original="false" backup="false" contextid="G11" shiftstate="1" macroguid="{F98EAEEF-97E5-4AAD-A2D3-4E4892EC347F}"/>
      <assignment original="false" backup="false" contextid="G22" shiftstate="1" macroguid="{AAFC2740-5722-47E0-90E4-1CBAA2A1B661}"/>
      <assignment original="false" backup="false" contextid="G4" shiftstate="1" macroguid="{08D8ADF0-10F6-4F65-AB63-CC67457CBA45}"/>
      <assignment original="false" backup="false" contextid="G13" shiftstate="1" macroguid="{04F82B30-AFBE-443F-A2DD-CC6C09A2DBBE}"/>
      <assignment original="false" backup="false" contextid="G3" shiftstate="1" macroguid="{943552EF-2AFB-47AE-AC9B-0B2D57C306DD}"/>
      <assignment original="false" backup="false" contextid="G10" shiftstate="1" macroguid="{CD7E222E-5AE3-4848-934B-6BA5B3001CE8}"/>
      <assignment original="false" backup="false" contextid="G14" shiftstate="1" macroguid="{AF725D0B-F1B2-4EA1-889D-C3273C0C7D7F}"/>
      <assignment original="false" backup="false" contextid="G7" shiftstate="1" macroguid="{C13483BB-6DF7-4DE3-8FD6-9184354354B0}"/>
      <assignment original="false" backup="false" contextid="G15" shiftstate="1" macroguid="{4FBAE4E8-5E74-4EB9-86FC-7AAFA82DFCE7}"/>
      <assignment original="false" backup="false" contextid="G26" shiftstate="1" macroguid="{3A37A0D5-62C2-4C2E-9424-401CD2190CED}"/>
      <assignment original="false" backup="false" contextid="G28" shiftstate="1" macroguid="{A0FF3A71-9269-44BA-9549-ED3F6FEFDBDB}"/>
      <assignment original="false" backup="false" contextid="G29" shiftstate="1" macroguid="{0834F128-6448-4F44-9308-8DF403EB5266}"/>
      <assignment original="false" backup="false" contextid="G27" shiftstate="1" macroguid="{3A9EE74D-D5D4-42F3-8691-378C90BDAD8B}"/>
      <assignment original="false" backup="false" contextid="G2" shiftstate="1" macroguid="{0FA3E58D-D982-483D-BFEB-BB57C0B01644}"/>
      <assignment original="false" backup="false" contextid="G5" shiftstate="1" macroguid="{12DB3DAA-84D5-4B9C-A2BF-5828E7FA581C}"/>
      <assignment original="false" backup="false" contextid="G9" shiftstate="1" macroguid="{20FA63F9-FFEF-41CA-9DBE-23B29831282F}"/>
      <assignment original="false" backup="false" contextid="G1" shiftstate="1" macroguid="{902C7A27-02F9-47C9-BE11-AB78A9E14424}"/>
      <assignment original="false" backup="false" contextid="G24" shiftstate="1" macroguid="{0B9AD666-DC5D-401F-ACE9-829A02E69E78}"/>
      <assignment original="false" backup="false" contextid="G8" shiftstate="1" macroguid="{C4268973-D114-484A-A125-381FCF063D34}"/>
      <assignment original="false" backup="false" contextid="G16" shiftstate="1" macroguid="{4BEDD2DD-2312-419C-AC41-EF10B2C18818}"/>
      <assignment original="false" backup="false" contextid="G17" shiftstate="1" macroguid="{991DC276-9F94-4F48-99D4-E962E1F944D4}"/>
      <assignment original="false" backup="false" contextid="G19" shiftstate="1" macroguid="{97540572-AAB0-4170-8FB3-1E373555CFDB}"/>
      <assignment original="false" backup="false" contextid="G18" shiftstate="1" macroguid="{E5DC7980-211E-4BA3-9532-021E874FF84E}"/>
      <assignment original="false" backup="false" contextid="G20" shiftstate="1" macroguid="{5DEFB6B0-518E-45A4-8BE1-6E7F5C794D63}"/>
      <assignment original="false" backup="false" contextid="G23" shiftstate="1" macroguid="{A14DE388-2AED-4DE0-B656-604FED8BDF83}"/>
    </assignments>
    <assignments devicecategory="Logitech.Gaming.Mouse.G9">
      <assignment original="false" backup="false" contextid="Button1" shiftstate="1" macroguid="{29E2DEFE-B057-449A-B57F-21105AE2AA48}"/>
      <assignment original="false" backup="false" contextid="Button2" shiftstate="1" macroguid="{A2DE582D-D851-40F9-9AD0-3FBF600F013F}"/>
      <assignment original="false" backup="false" contextid="Button3" shiftstate="1" macroguid="{D4506B81-9363-4AC3-85E6-7666B50B209D}"/>
      <assignment original="false" backup="false" contextid="Button7" shiftstate="1" macroguid="{B85A4FE2-C01F-4797-B6C1-8CAA9DE73477}"/>
      <assignment original="false" backup="false" contextid="Button8" shiftstate="1" macroguid="{7CAC164A-5CBB-4FA5-AD99-D6A5F0C8198A}"/>
      <assignment original="false" backup="false" contextid="Button9" shiftstate="1" macroguid="{DEB8132C-4DDB-4751-A14D-252437DECF16}"/>
      <assignment original="false" backup="false" contextid="Button10" shiftstate="1" macroguid="{3CD758BA-1BFD-4C59-AAC1-0CA25F9D0BAB}"/>
      <assignment original="false" backup="false" contextid="Button4" shiftstate="1" macroguid="{7ACAADBA-3337-4668-84A5-E1927798FE73}"/>
      <assignment original="false" backup="false" contextid="Button5" shiftstate="1" macroguid="{B363349F-1C14-4721-8426-ECE03503A328}"/>
    </assignments>
    <pointers>
      <pointer devicemodel="Logitech.Gaming.Mouse.G9XCOD">
        <mode shiftstate="1">
          <reportrate rate="500"/>
          <powermode value="2"/>
          <dpitable defaultindex="1" shiftindex="1" syncxy="1">
            <dpi x="400" y="400" enabled="1"/>
            <dpi x="800" y="800" enabled="1"/>
            <dpi x="1600" y="1600" enabled="1"/>
            <dpi x="3200" y="3200" enabled="1"/>
          </dpitable>
          <movement speed="-1" acceleration="1"/>
        </mode>
      </pointer>
    </pointers>
    <backlight devicemodel="Logitech.Gaming.Mouse.G9XCOD">
      <mode shiftstate="1" color="#ff0a00"/>
      <mode shiftstate="2" color="#00ff00"/>
      <mode shiftstate="3" color="#00ff00"/>
    </backlight>
    <backlight devicemodel="Logitech.Gaming.LeftHandedController.G13">
      <mode shiftstate="1" color="#0000ff"/>
      <mode shiftstate="2" color="#5aff6e"/>
      <mode shiftstate="3" color="#5aff6e"/>
    </backlight>
    <script>function OnEvent(event, arg)
	OutputLogMessage("event = %s, arg = %s\n", event, arg);
end</script>
  </profile>
</profiles>
