<?xml version="1.0" encoding="utf-8"?>
<profiles xmlns="http://www.logitech.com/Cassandra/2010.7/Profile">
  <profile lock="1" gkeysdk="0" name="Pay Day 2" lastplayeddate="" gameid="" guid="{8D95A22B-F6C9-440F-B2C8-C902429F32A7}" gpasupported="0" launchable="1">
    <description></description>
    <target path="D:\STEAMLIBRARY\STEAMAPPS\COMMON\PAYDAY 2\PAYDAY2_WIN32_RELEASE.EXE"/>
    <signature value="" executable="" name="" key=""/>
    <macros>
      <macro color="4278246655" name="Left Click" hidden="false" guid="{29E2DEFE-B057-449A-B57F-21105AE2AA48}">
        <mousefunction xmlns="http://www.logitech.com/Cassandra/2010.1/Macros/MouseFunction">
          <do task="leftclick"/>
        </mousefunction>
      </macro>
      <macro color="4278246655" name="Right Click" hidden="false" guid="{A2DE582D-D851-40F9-9AD0-3FBF600F013F}">
        <mousefunction xmlns="http://www.logitech.com/Cassandra/2010.1/Macros/MouseFunction">
          <do task="rightclick"/>
        </mousefunction>
      </macro>
      <macro color="4278246655" name="Middle Click" hidden="false" guid="{D4506B81-9363-4AC3-85E6-7666B50B209D}">
        <mousefunction xmlns="http://www.logitech.com/Cassandra/2010.1/Macros/MouseFunction">
          <do task="middleclick"/>
        </mousefunction>
      </macro>
      <macro color="4278246655" name="Scroll Left" hidden="false" guid="{B85A4FE2-C01F-4797-B6C1-8CAA9DE73477}">
        <mousefunction xmlns="http://www.logitech.com/Cassandra/2010.1/Macros/MouseFunction">
          <do task="scrollleft"/>
        </mousefunction>
      </macro>
      <macro color="4278246655" name="Scroll Right" hidden="false" guid="{7CAC164A-5CBB-4FA5-AD99-D6A5F0C8198A}">
        <mousefunction xmlns="http://www.logitech.com/Cassandra/2010.1/Macros/MouseFunction">
          <do task="scrollright"/>
        </mousefunction>
      </macro>
      <macro color="4278246655" name="DPI Up" devicecategory="Logitech.Gaming.Mouse" hidden="false" guid="{DEB8132C-4DDB-4751-A14D-252437DECF16}">
        <mousefunction xmlns="http://www.logitech.com/Cassandra/2010.1/Macros/MouseFunction">
          <do task="dpiup"/>
        </mousefunction>
      </macro>
      <macro color="4278246655" name="DPI Down" devicecategory="Logitech.Gaming.Mouse" hidden="false" guid="{3CD758BA-1BFD-4C59-AAC1-0CA25F9D0BAB}">
        <mousefunction xmlns="http://www.logitech.com/Cassandra/2010.1/Macros/MouseFunction">
          <do task="dpidown"/>
        </mousefunction>
      </macro>
      <macro color="4278246655" name="Jump" hidden="false" guid="{DCF50AE2-0015-4381-0002-4F0F5A9E9803}">
        <keystroke xmlns="http://www.logitech.com/Cassandra/2010.1/Macros/Keystroke">
          <key value="SPACEBAR"/>
        </keystroke>
      </macro>
      <macro color="4278246655" name="Next Track" hidden="true" guid="{2B9D04DA-B75E-438F-A304-1123CA5F7E99}">
        <media xmlns="http://www.logitech.com/Cassandra/2010.1/Macros/Media">
          <do task="nexttrack"/>
        </media>
      </macro>
      <macro color="4278246655" name="Next Track" hidden="false" guid="{578B3C20-3AD3-4953-A642-AB21BC2CA4EA}">
        <media xmlns="http://www.logitech.com/Cassandra/2010.1/Macros/Media">
          <do task="nexttrack"/>
        </media>
      </macro>
      <macro color="4278246655" name="Play/Pause" hidden="true" guid="{2F4F8943-E5DD-4A92-84C3-906963D57D18}">
        <media xmlns="http://www.logitech.com/Cassandra/2010.1/Macros/Media">
          <do task="playpause"/>
        </media>
      </macro>
      <macro color="4278246655" name="Play/Pause" hidden="false" guid="{B97C3690-4F63-491D-A37E-C022B88264F7}">
        <media xmlns="http://www.logitech.com/Cassandra/2010.1/Macros/Media">
          <do task="playpause"/>
        </media>
      </macro>
      <macro color="4278246655" name="Previous Track" hidden="true" guid="{1A936775-3DEF-4FBC-BC94-E44E092AF365}">
        <media xmlns="http://www.logitech.com/Cassandra/2010.1/Macros/Media">
          <do task="previoustrack"/>
        </media>
      </macro>
      <macro color="4278246655" name="Previous Track" hidden="false" guid="{25F0E9A2-AFAE-40D1-9BC6-442893F32254}">
        <media xmlns="http://www.logitech.com/Cassandra/2010.1/Macros/Media">
          <do task="previoustrack"/>
        </media>
      </macro>
      <macro color="4278246655" name="Forward" hidden="false" guid="{9C19A068-FFFB-4DE3-A5DF-CF02E710772A}">
        <keystroke xmlns="http://www.logitech.com/Cassandra/2010.1/Macros/Keystroke">
          <key value="W"/>
        </keystroke>
      </macro>
      <macro color="4278246655" name="Back" hidden="false" guid="{8F5AD442-493F-4E4F-9EE2-AE9FE3DA5811}">
        <keystroke xmlns="http://www.logitech.com/Cassandra/2010.1/Macros/Keystroke">
          <key value="S"/>
        </keystroke>
      </macro>
      <macro color="4278246655" name="Left" hidden="false" guid="{BE806C39-D8F0-4208-A39E-BEFB478FCFD8}">
        <keystroke xmlns="http://www.logitech.com/Cassandra/2010.1/Macros/Keystroke">
          <key value="A"/>
        </keystroke>
      </macro>
      <macro color="4278246655" name="Right" hidden="false" guid="{9CB80657-700D-4862-94D8-91804B377AA0}">
        <keystroke xmlns="http://www.logitech.com/Cassandra/2010.1/Macros/Keystroke">
          <key value="D"/>
        </keystroke>
      </macro>
      <macro color="4278246655" name="Throw Gernade" hidden="false" guid="{AA79D9BF-EBC6-4D08-9CC9-7B18F2765FB1}">
        <keystroke xmlns="http://www.logitech.com/Cassandra/2010.1/Macros/Keystroke">
          <key value="3"/>
        </keystroke>
      </macro>
      <macro color="4278246655" name="Reload" hidden="false" guid="{ADC08E5E-BC9A-4B7C-87D2-F99A243AEEAA}">
        <keystroke xmlns="http://www.logitech.com/Cassandra/2010.1/Macros/Keystroke">
          <key value="R"/>
        </keystroke>
      </macro>
      <macro color="4278246655" name="Run" hidden="false" guid="{DDF1C100-B496-47BE-B0F0-8E236793B544}">
        <keystroke xmlns="http://www.logitech.com/Cassandra/2010.1/Macros/Keystroke">
          <key value="LSHIFT"/>
        </keystroke>
      </macro>
      <macro color="4278246655" name="Crouch" hidden="false" guid="{26E43FF9-3A8E-4850-A1DF-6DA4B55339AA}">
        <keystroke xmlns="http://www.logitech.com/Cassandra/2010.1/Macros/Keystroke">
          <key value="LCTRL"/>
        </keystroke>
      </macro>
      <macro color="4278246655" name="Melee" hidden="false" guid="{DCF50AE2-0012-4381-0002-4F0F5A9E9803}">
        <keystroke xmlns="http://www.logitech.com/Cassandra/2010.1/Macros/Keystroke">
          <key value="E"/>
        </keystroke>
      </macro>
      <macro color="4278246655" name="Gun Mode" hidden="false" guid="{4A06FBFE-DC70-4DC8-9F80-21FEFFEF9DDD}">
        <keystroke xmlns="http://www.logitech.com/Cassandra/2010.1/Macros/Keystroke">
          <key value="V"/>
        </keystroke>
      </macro>
      <macro color="4278246655" name="Deploy" hidden="false" guid="{950275AD-6985-4D0F-BC15-7E31A8A249D3}">
        <keystroke xmlns="http://www.logitech.com/Cassandra/2010.1/Macros/Keystroke">
          <key value="G"/>
        </keystroke>
      </macro>
      <macro color="4278246655" name="Interact" hidden="false" guid="{C833BFB1-36A3-4893-BF67-A0225E5676BF}">
        <keystroke xmlns="http://www.logitech.com/Cassandra/2010.1/Macros/Keystroke">
          <key value="F"/>
        </keystroke>
      </macro>
      <macro color="4278246655" name="Gadget" hidden="false" guid="{AD744978-912E-4084-AD79-AB9534733EF7}">
        <keystroke xmlns="http://www.logitech.com/Cassandra/2010.1/Macros/Keystroke">
          <key value="Q"/>
        </keystroke>
      </macro>
      <macro color="4278246655" name="Primary" hidden="false" guid="{062797D1-08F8-41F4-855B-9377840330DE}">
        <keystroke xmlns="http://www.logitech.com/Cassandra/2010.1/Macros/Keystroke">
          <key value="1"/>
        </keystroke>
      </macro>
      <macro color="4278246655" name="Secondary" hidden="false" guid="{901A7233-5954-4299-B49F-48EFC1AB7F2D}">
        <keystroke xmlns="http://www.logitech.com/Cassandra/2010.1/Macros/Keystroke">
          <key value="2"/>
        </keystroke>
      </macro>
      <macro color="4278246655" name="Esc" hidden="false" guid="{080EB384-AC14-422A-816F-68D2ACA96A3F}">
        <keystroke xmlns="http://www.logitech.com/Cassandra/2010.1/Macros/Keystroke">
          <key value="ESCAPE"/>
        </keystroke>
      </macro>
    </macros>
    <assignments devicecategory="Logitech.Gaming.Headset">
      <assignment contextid="G1" original="false" macroguid="{578B3C20-3AD3-4953-A642-AB21BC2CA4EA}" shiftstate="1" backup="false"/>
      <assignment contextid="G2" original="false" macroguid="{B97C3690-4F63-491D-A37E-C022B88264F7}" shiftstate="1" backup="false"/>
      <assignment contextid="G3" original="false" macroguid="{25F0E9A2-AFAE-40D1-9BC6-442893F32254}" shiftstate="1" backup="false"/>
    </assignments>
    <assignments devicecategory="Logitech.Gaming.LeftHandedController">
      <assignment contextid="G4" original="false" macroguid="{9C19A068-FFFB-4DE3-A5DF-CF02E710772A}" shiftstate="1" backup="false"/>
      <assignment contextid="G11" original="false" macroguid="{8F5AD442-493F-4E4F-9EE2-AE9FE3DA5811}" shiftstate="1" backup="false"/>
      <assignment contextid="G10" original="false" macroguid="{BE806C39-D8F0-4208-A39E-BEFB478FCFD8}" shiftstate="1" backup="false"/>
      <assignment contextid="G12" original="false" macroguid="{9CB80657-700D-4862-94D8-91804B377AA0}" shiftstate="1" backup="false"/>
      <assignment contextid="G13" original="false" macroguid="{AA79D9BF-EBC6-4D08-9CC9-7B18F2765FB1}" shiftstate="1" backup="false"/>
      <assignment contextid="G5" original="false" macroguid="{ADC08E5E-BC9A-4B7C-87D2-F99A243AEEAA}" shiftstate="1" backup="false"/>
      <assignment contextid="G15" original="false" macroguid="{DDF1C100-B496-47BE-B0F0-8E236793B544}" shiftstate="1" backup="false"/>
      <assignment contextid="G22" original="false" macroguid="{26E43FF9-3A8E-4850-A1DF-6DA4B55339AA}" shiftstate="1" backup="false"/>
      <assignment contextid="G8" original="false" macroguid="{4A06FBFE-DC70-4DC8-9F80-21FEFFEF9DDD}" shiftstate="1" backup="false"/>
      <assignment contextid="G23" original="false" macroguid="{950275AD-6985-4D0F-BC15-7E31A8A249D3}" shiftstate="1" backup="false"/>
      <assignment contextid="G3" original="false" macroguid="{C833BFB1-36A3-4893-BF67-A0225E5676BF}" shiftstate="1" backup="false"/>
      <assignment contextid="G9" original="false" macroguid="{AD744978-912E-4084-AD79-AB9534733EF7}" shiftstate="1" backup="false"/>
      <assignment contextid="G26" original="false" macroguid="{062797D1-08F8-41F4-855B-9377840330DE}" shiftstate="1" backup="false"/>
      <assignment contextid="G29" original="false" macroguid="{901A7233-5954-4299-B49F-48EFC1AB7F2D}" shiftstate="1" backup="false"/>
      <assignment contextid="G1" original="false" macroguid="{080EB384-AC14-422A-816F-68D2ACA96A3F}" shiftstate="1" backup="false"/>
    </assignments>
    <assignments devicecategory="Logitech.Gaming.Mouse.G9">
      <assignment contextid="Button1" original="false" macroguid="{29E2DEFE-B057-449A-B57F-21105AE2AA48}" shiftstate="1" backup="false"/>
      <assignment contextid="Button2" original="false" macroguid="{A2DE582D-D851-40F9-9AD0-3FBF600F013F}" shiftstate="1" backup="false"/>
      <assignment contextid="Button3" original="false" macroguid="{D4506B81-9363-4AC3-85E6-7666B50B209D}" shiftstate="1" backup="false"/>
      <assignment contextid="Button7" original="false" macroguid="{B85A4FE2-C01F-4797-B6C1-8CAA9DE73477}" shiftstate="1" backup="false"/>
      <assignment contextid="Button8" original="false" macroguid="{7CAC164A-5CBB-4FA5-AD99-D6A5F0C8198A}" shiftstate="1" backup="false"/>
      <assignment contextid="Button9" original="false" macroguid="{DEB8132C-4DDB-4751-A14D-252437DECF16}" shiftstate="1" backup="false"/>
      <assignment contextid="Button10" original="false" macroguid="{3CD758BA-1BFD-4C59-AAC1-0CA25F9D0BAB}" shiftstate="1" backup="false"/>
      <assignment contextid="Button4" original="false" macroguid="{DCF50AE2-0015-4381-0002-4F0F5A9E9803}" shiftstate="1" backup="false"/>
      <assignment contextid="Button5" original="false" macroguid="{DCF50AE2-0012-4381-0002-4F0F5A9E9803}" shiftstate="1" backup="false"/>
    </assignments>
    <pointers>
      <pointer devicemodel="Logitech.Gaming.Mouse.G9XCOD">
        <mode shiftstate="1">
          <reportrate rate="500"/>
          <powermode value="2"/>
          <dpitable syncxy="1" defaultindex="1" shiftindex="1">
            <dpi x="400" y="400" enabled="1"/>
            <dpi x="800" y="800" enabled="1"/>
            <dpi x="1600" y="1600" enabled="1"/>
            <dpi x="3200" y="3200" enabled="1"/>
          </dpitable>
          <movement speed="-1" acceleration="1"/>
        </mode>
      </pointer>
    </pointers>
    <backlight devicemodel="Logitech.Gaming.Mouse.G9XCOD">
      <mode color="#005aff" shiftstate="1"/>
      <mode color="#00ff00" shiftstate="2"/>
      <mode color="#00ff00" shiftstate="3"/>
    </backlight>
    <backlight devicemodel="Logitech.Gaming.LeftHandedController.G13">
      <mode color="#00aaff" shiftstate="1"/>
      <mode color="#5aff6e" shiftstate="2"/>
      <mode color="#5aff6e" shiftstate="3"/>
    </backlight>
    <script>function OnEvent(event, arg)
    OutputLogMessage("event = %s, arg = %s\n", event, arg)
end</script>
  </profile>
</profiles>
