<?xml version="1.0" encoding="utf-8"?>
<profiles xmlns="http://www.logitech.com/Cassandra/2010.7/Profile">
  <profile gkeysdk="0" guid="{3A7437CA-9846-4945-A984-855AD8C74F5E}" lock="0" name="Planetside 2">
    <description></description>
    <target path="C:\PROGRAM FILES (X86)\STEAM\STEAMAPPS\COMMON\PLANETSIDE 2\PLANETSIDE2.EXE"/>
    <signature key="" value="" executable="" name=""/>
    <macros>
      <macro guid="{56EF0F76-7AA8-49CA-8FAC-BC03B7A247A7}" hidden="false" name="Left Click">
        <mousefunction xmlns="http://www.logitech.com/Cassandra/2010.1/Macros/MouseFunction">
          <do task="leftclick"/>
        </mousefunction>
      </macro>
      <macro guid="{8F317EEB-2A7D-4EB5-A9B5-06FB8E92A363}" hidden="false" name="Right Click">
        <mousefunction xmlns="http://www.logitech.com/Cassandra/2010.1/Macros/MouseFunction">
          <do task="rightclick"/>
        </mousefunction>
      </macro>
      <macro guid="{54592E8D-8D5E-420D-A43C-F0EC9361449E}" hidden="false" name="Middle Click">
        <mousefunction xmlns="http://www.logitech.com/Cassandra/2010.1/Macros/MouseFunction">
          <do task="middleclick"/>
        </mousefunction>
      </macro>
      <macro guid="{5A79A59F-379D-4199-AB4B-CE0049A7AE7D}" hidden="false" name="Back">
        <mousefunction xmlns="http://www.logitech.com/Cassandra/2010.1/Macros/MouseFunction">
          <do task="back"/>
        </mousefunction>
      </macro>
      <macro guid="{12C3C0C6-D3DF-44A7-852A-CA33415738F0}" hidden="false" name="Forward">
        <mousefunction xmlns="http://www.logitech.com/Cassandra/2010.1/Macros/MouseFunction">
          <do task="forward"/>
        </mousefunction>
      </macro>
      <macro guid="{B055952C-CE3B-4B1B-8989-BAD3713E9AF3}" hidden="false" name="Scroll Left">
        <mousefunction xmlns="http://www.logitech.com/Cassandra/2010.1/Macros/MouseFunction">
          <do task="scrollleft"/>
        </mousefunction>
      </macro>
      <macro guid="{4CC3A741-C159-4CD7-B492-E01DCD198D75}" hidden="false" name="Scroll Right">
        <mousefunction xmlns="http://www.logitech.com/Cassandra/2010.1/Macros/MouseFunction">
          <do task="scrollright"/>
        </mousefunction>
      </macro>
      <macro devicecategory="Logitech.Gaming.Mouse" guid="{7CA49CD3-EFC7-43DA-8F72-D7A2C97596F3}" hidden="false" name="DPI Up">
        <mousefunction xmlns="http://www.logitech.com/Cassandra/2010.1/Macros/MouseFunction">
          <do task="dpiup"/>
        </mousefunction>
      </macro>
      <macro devicecategory="Logitech.Gaming.Mouse" guid="{E3CD8C59-B9EE-4F7E-A0E2-2BD978FD68A4}" hidden="false" name="DPI Down">
        <mousefunction xmlns="http://www.logitech.com/Cassandra/2010.1/Macros/MouseFunction">
          <do task="dpidown"/>
        </mousefunction>
      </macro>
      <macro guid="{129C89F5-12EC-4D31-8125-18AC10E2BE9F}" hidden="false" name="Forward">
        <keystroke xmlns="http://www.logitech.com/Cassandra/2010.1/Macros/Keystroke">
          <key value="W"/>
        </keystroke>
      </macro>
      <macro guid="{740CC3AF-0187-41BA-B3AA-FB515A983ABA}" hidden="false" name="Backard">
        <keystroke xmlns="http://www.logitech.com/Cassandra/2010.1/Macros/Keystroke">
          <key value="S"/>
        </keystroke>
      </macro>
      <macro guid="{F85CD37A-216E-4628-A542-351CBD803EA4}" hidden="false" name="Left">
        <keystroke xmlns="http://www.logitech.com/Cassandra/2010.1/Macros/Keystroke">
          <key value="A"/>
        </keystroke>
      </macro>
      <macro guid="{C6EE7197-DC85-405D-9D1E-E6A909425BB7}" hidden="false" name="Right">
        <keystroke xmlns="http://www.logitech.com/Cassandra/2010.1/Macros/Keystroke">
          <key value="D"/>
        </keystroke>
      </macro>
      <macro guid="{8453C988-2D74-4C25-9627-FD7778F20405}" hidden="false" name="Jump">
        <keystroke xmlns="http://www.logitech.com/Cassandra/2010.1/Macros/Keystroke">
          <key value="SPACEBAR"/>
        </keystroke>
      </macro>
      <macro guid="{D877D3D4-E695-4FEB-8431-CCCA32885F6C}" hidden="false" name="Crouch">
        <keystroke xmlns="http://www.logitech.com/Cassandra/2010.1/Macros/Keystroke">
          <key value="LCTRL"/>
        </keystroke>
      </macro>
      <macro guid="{6B1D8292-5F3D-4948-805B-5C381719FF2F}" hidden="false" name="Crouch toggle">
        <keystroke xmlns="http://www.logitech.com/Cassandra/2010.1/Macros/Keystroke">
          <key value="C"/>
        </keystroke>
      </macro>
      <macro guid="{1B2CE9A3-F7C6-4DDA-BFD1-A0A5DF00F7D8}" hidden="false" name="Sprint/Hold breath">
        <keystroke xmlns="http://www.logitech.com/Cassandra/2010.1/Macros/Keystroke">
          <key value="LSHIFT"/>
        </keystroke>
      </macro>
      <macro guid="{EB82985A-9235-47FE-8F3B-8417541E99A2}" hidden="false" name="Interact">
        <keystroke xmlns="http://www.logitech.com/Cassandra/2010.1/Macros/Keystroke">
          <key value="E"/>
        </keystroke>
      </macro>
      <macro guid="{8CC58507-CBD7-4F09-BCAE-C7F16E3D38AB}" hidden="false" name="Use ability">
        <keystroke xmlns="http://www.logitech.com/Cassandra/2010.1/Macros/Keystroke">
          <key value="F"/>
        </keystroke>
      </macro>
      <macro guid="{564C5DF4-E5A0-4142-BC56-7CCD8DE57B7E}" hidden="false" name="Gernade">
        <keystroke xmlns="http://www.logitech.com/Cassandra/2010.1/Macros/Keystroke">
          <key value="G"/>
        </keystroke>
      </macro>
      <macro guid="{9345DBE3-5A4C-4AA7-A01C-876FFC28D4DC}" hidden="false" name="Reload">
        <keystroke xmlns="http://www.logitech.com/Cassandra/2010.1/Macros/Keystroke">
          <key value="R"/>
        </keystroke>
      </macro>
      <macro guid="{DD2A88C0-B7C2-4914-A4A2-EB3E932DBCB4}" hidden="false" name="Melee attack">
        <keystroke xmlns="http://www.logitech.com/Cassandra/2010.1/Macros/Keystroke">
          <key value="T"/>
        </keystroke>
      </macro>
      <macro guid="{9665F7F7-23C5-4E16-A251-993BEAC47F8C}" hidden="false" name="Gear slot 1">
        <keystroke xmlns="http://www.logitech.com/Cassandra/2010.1/Macros/Keystroke">
          <key value="1"/>
        </keystroke>
      </macro>
      <macro guid="{73F7097A-F4F5-40CC-B725-A98A8741701C}" hidden="false" name="Gear slot 2">
        <keystroke xmlns="http://www.logitech.com/Cassandra/2010.1/Macros/Keystroke">
          <key value="2"/>
        </keystroke>
      </macro>
      <macro guid="{F56BF44F-8201-4B61-82D6-18C348787058}" hidden="false" name="Gear slot 3">
        <keystroke xmlns="http://www.logitech.com/Cassandra/2010.1/Macros/Keystroke">
          <key value="3"/>
        </keystroke>
      </macro>
      <macro guid="{AAE1593B-5880-4D12-9B1D-1196EF957342}" hidden="false" name="Gear slot 4">
        <keystroke xmlns="http://www.logitech.com/Cassandra/2010.1/Macros/Keystroke">
          <key value="4"/>
        </keystroke>
      </macro>
      <macro guid="{F814387E-480B-480D-B74F-B4383EF03B67}" hidden="false" name="Gear slot 5">
        <keystroke xmlns="http://www.logitech.com/Cassandra/2010.1/Macros/Keystroke">
          <key value="5"/>
        </keystroke>
      </macro>
      <macro guid="{5085138D-A335-42C2-8027-2A629EADB54D}" hidden="false" name="Gear slot 6">
        <keystroke xmlns="http://www.logitech.com/Cassandra/2010.1/Macros/Keystroke">
          <key value="6"/>
        </keystroke>
      </macro>
      <macro guid="{6851254F-7C92-404D-86E6-4DB71EFB153E}" hidden="false" name="Gear slot 7">
        <keystroke xmlns="http://www.logitech.com/Cassandra/2010.1/Macros/Keystroke">
          <key value="7"/>
        </keystroke>
      </macro>
      <macro guid="{A93B1E7D-C9DB-4D3A-BAC2-992C81CDA649}" hidden="false" name="Gear slot 8">
        <keystroke xmlns="http://www.logitech.com/Cassandra/2010.1/Macros/Keystroke">
          <key value="8"/>
        </keystroke>
      </macro>
      <macro guid="{A6FCF49A-2383-4773-9A79-D554BDDC675F}" hidden="false" name="Gear slot 9">
        <keystroke xmlns="http://www.logitech.com/Cassandra/2010.1/Macros/Keystroke">
          <key value="9"/>
        </keystroke>
      </macro>
      <macro guid="{B0B0D9F4-268C-41AA-9BA0-9921D076E540}" hidden="false" name="Gear slot 0">
        <keystroke xmlns="http://www.logitech.com/Cassandra/2010.1/Macros/Keystroke">
          <key value="0"/>
        </keystroke>
      </macro>
      <macro guid="{593B0D6E-35DD-43DC-BD7B-64A3160DFCF1}" hidden="false" name="Toggle attachment">
        <keystroke xmlns="http://www.logitech.com/Cassandra/2010.1/Macros/Keystroke">
          <key value="L"/>
        </keystroke>
      </macro>
      <macro guid="{8BD733D0-7CDA-4BE0-B6E8-9D3548EFB573}" hidden="false" name="Switch fire group">
        <keystroke xmlns="http://www.logitech.com/Cassandra/2010.1/Macros/Keystroke">
          <key value="B"/>
        </keystroke>
      </macro>
      <macro guid="{B23375FB-2EE3-4E1E-9350-5886108B6D7D}" hidden="false" name="Autorun">
        <keystroke xmlns="http://www.logitech.com/Cassandra/2010.1/Macros/Keystroke">
          <key value="EQUAL"/>
        </keystroke>
      </macro>
      <macro guid="{E07C5C60-9B44-455C-AECB-36372ED3CEB0}" hidden="false" name="Cruise control">
        <keystroke xmlns="http://www.logitech.com/Cassandra/2010.1/Macros/Keystroke">
          <key value="MINUS"/>
        </keystroke>
      </macro>
      <macro guid="{FDE15022-A8A2-4C61-8B10-6429534A6492}" hidden="false" name="Change camera">
        <keystroke xmlns="http://www.logitech.com/Cassandra/2010.1/Macros/Keystroke">
          <key value="T"/>
        </keystroke>
      </macro>
      <macro guid="{1FEF5206-9730-4F93-B84F-C4D7C084EA05}" hidden="false" name="Expand minimap">
        <keystroke xmlns="http://www.logitech.com/Cassandra/2010.1/Macros/Keystroke">
          <key value="H"/>
        </keystroke>
      </macro>
      <macro guid="{E7DBF153-7477-44BD-841D-C93888C90813}" hidden="false" name="Leave queue">
        <keystroke xmlns="http://www.logitech.com/Cassandra/2010.1/Macros/Keystroke">
          <key value="END"/>
        </keystroke>
      </macro>
      <macro guid="{532E02E2-B78D-4878-A067-62F675CD93FA}" hidden="false" name="Spot enemy">
        <keystroke xmlns="http://www.logitech.com/Cassandra/2010.1/Macros/Keystroke">
          <key value="Q"/>
        </keystroke>
      </macro>
      <macro guid="{9D61E090-1EB6-43D0-81F5-555807A74819}" hidden="false" name="Voice macro">
        <keystroke xmlns="http://www.logitech.com/Cassandra/2010.1/Macros/Keystroke">
          <key value="V"/>
        </keystroke>
      </macro>
      <macro guid="{655C6B32-8AF6-40AD-B555-F8F277CAC41D}" hidden="false" name="Vehicle management">
        <keystroke xmlns="http://www.logitech.com/Cassandra/2010.1/Macros/Keystroke">
          <key value="PAGEDOWN"/>
        </keystroke>
      </macro>
      <macro guid="{A5F03D41-DD58-48FF-A004-F069A58A380E}" hidden="false" name="Accept request">
        <keystroke xmlns="http://www.logitech.com/Cassandra/2010.1/Macros/Keystroke">
          <key value="Y"/>
        </keystroke>
      </macro>
      <macro guid="{94DC608B-7402-4929-AF53-A0A0AF75EE79}" hidden="false" name="Deny request">
        <keystroke xmlns="http://www.logitech.com/Cassandra/2010.1/Macros/Keystroke">
          <key value="N"/>
        </keystroke>
      </macro>
      <macro guid="{9E3837FE-F399-48DC-B1B1-35B3EA913748}" hidden="false" name="Show requests">
        <keystroke xmlns="http://www.logitech.com/Cassandra/2010.1/Macros/Keystroke">
          <key value="K"/>
        </keystroke>
      </macro>
      <macro guid="{1C844541-161A-4649-94E7-A1BC5F4CBD9F}" hidden="false" name="Open map">
        <keystroke xmlns="http://www.logitech.com/Cassandra/2010.1/Macros/Keystroke">
          <key value="M"/>
        </keystroke>
      </macro>
      <macro guid="{FFE0559E-BAAB-47E8-A078-BE348A500D3F}" hidden="false" name="Squad voice chat">
        <keystroke xmlns="http://www.logitech.com/Cassandra/2010.1/Macros/Keystroke">
          <key value="Z"/>
        </keystroke>
      </macro>
      <macro guid="{6D1F7343-524C-47D8-826F-4F51ABCB5E31}" hidden="false" name="Open squad/platoon page">
        <keystroke xmlns="http://www.logitech.com/Cassandra/2010.1/Macros/Keystroke">
          <key value="P"/>
        </keystroke>
      </macro>
      <macro guid="{A4803F53-8975-4DA8-AAEA-F7AABBC7F317}" hidden="false" name="Open friends page">
        <keystroke xmlns="http://www.logitech.com/Cassandra/2010.1/Macros/Keystroke">
          <key value="I"/>
        </keystroke>
      </macro>
      <macro guid="{8E4E6415-A496-41F1-882C-60407686F2AB}" hidden="false" name="Open outfit page">
        <keystroke xmlns="http://www.logitech.com/Cassandra/2010.1/Macros/Keystroke">
          <key value="O"/>
        </keystroke>
      </macro>
      <macro guid="{59A259E9-5388-4760-A0AB-BB9933C4E028}" hidden="false" name="Toggle indicators">
        <keystroke xmlns="http://www.logitech.com/Cassandra/2010.1/Macros/Keystroke">
          <key value="I"/>
          <modifier value="LCTRL"/>
        </keystroke>
      </macro>
    </macros>
    <assignments devicecategory="Logitech.Gaming.LeftHandedController">
      <assignment original="false" backup="false" contextid="G28" shiftstate="1" macroguid="{740CC3AF-0187-41BA-B3AA-FB515A983ABA}"/>
      <assignment original="false" backup="false" contextid="G26" shiftstate="1" macroguid="{129C89F5-12EC-4D31-8125-18AC10E2BE9F}"/>
      <assignment original="false" backup="false" contextid="G29" shiftstate="1" macroguid="{F85CD37A-216E-4628-A542-351CBD803EA4}"/>
      <assignment original="false" backup="false" contextid="G27" shiftstate="1" macroguid="{C6EE7197-DC85-405D-9D1E-E6A909425BB7}"/>
      <assignment original="false" backup="false" contextid="G5" shiftstate="1" macroguid="{9345DBE3-5A4C-4AA7-A01C-876FFC28D4DC}"/>
      <assignment original="false" backup="false" contextid="G4" shiftstate="1" macroguid="{532E02E2-B78D-4878-A067-62F675CD93FA}"/>
      <assignment original="false" backup="false" contextid="G20" shiftstate="1" macroguid="{FFE0559E-BAAB-47E8-A078-BE348A500D3F}"/>
      <assignment original="false" backup="false" contextid="G7" shiftstate="1" macroguid="{655C6B32-8AF6-40AD-B555-F8F277CAC41D}"/>
      <assignment original="false" backup="false" contextid="G2" shiftstate="1" macroguid="{8BD733D0-7CDA-4BE0-B6E8-9D3548EFB573}"/>
      <assignment original="false" backup="false" contextid="G15" shiftstate="1" macroguid="{1B2CE9A3-F7C6-4DDA-BFD1-A0A5DF00F7D8}"/>
      <assignment original="false" backup="false" contextid="G24" shiftstate="1" macroguid="{6B1D8292-5F3D-4948-805B-5C381719FF2F}"/>
      <assignment original="false" backup="false" contextid="G8" shiftstate="1" macroguid="{D877D3D4-E695-4FEB-8431-CCCA32885F6C}"/>
      <assignment original="false" backup="false" contextid="G25" shiftstate="1" macroguid="{B23375FB-2EE3-4E1E-9350-5886108B6D7D}"/>
      <assignment original="false" backup="false" contextid="G11" shiftstate="1" macroguid="{DD2A88C0-B7C2-4914-A4A2-EB3E932DBCB4}"/>
      <assignment original="false" backup="false" contextid="G22" shiftstate="1" macroguid="{9E3837FE-F399-48DC-B1B1-35B3EA913748}"/>
      <assignment original="false" backup="false" contextid="G3" shiftstate="1" macroguid="{593B0D6E-35DD-43DC-BD7B-64A3160DFCF1}"/>
      <assignment original="false" backup="false" contextid="G14" shiftstate="1" macroguid="{A4803F53-8975-4DA8-AAEA-F7AABBC7F317}"/>
      <assignment original="false" backup="false" contextid="G6" shiftstate="1" macroguid="{1C844541-161A-4649-94E7-A1BC5F4CBD9F}"/>
      <assignment original="false" backup="false" contextid="G10" shiftstate="1" macroguid="{EB82985A-9235-47FE-8F3B-8417541E99A2}"/>
      <assignment original="false" backup="false" contextid="G12" shiftstate="1" macroguid="{564C5DF4-E5A0-4142-BC56-7CCD8DE57B7E}"/>
    </assignments>
    <assignments devicecategory="Logitech.Gaming.Mouse.G9">
      <assignment original="false" backup="false" contextid="Button1" shiftstate="1" macroguid="{56EF0F76-7AA8-49CA-8FAC-BC03B7A247A7}"/>
      <assignment original="false" backup="false" contextid="Button2" shiftstate="1" macroguid="{8F317EEB-2A7D-4EB5-A9B5-06FB8E92A363}"/>
      <assignment original="false" backup="false" contextid="Button3" shiftstate="1" macroguid="{54592E8D-8D5E-420D-A43C-F0EC9361449E}"/>
      <assignment original="false" backup="false" contextid="Button4" shiftstate="1" macroguid="{5A79A59F-379D-4199-AB4B-CE0049A7AE7D}"/>
      <assignment original="false" backup="false" contextid="Button5" shiftstate="1" macroguid="{12C3C0C6-D3DF-44A7-852A-CA33415738F0}"/>
      <assignment original="false" backup="false" contextid="Button7" shiftstate="1" macroguid="{B055952C-CE3B-4B1B-8989-BAD3713E9AF3}"/>
      <assignment original="false" backup="false" contextid="Button8" shiftstate="1" macroguid="{4CC3A741-C159-4CD7-B492-E01DCD198D75}"/>
      <assignment original="false" backup="false" contextid="Button9" shiftstate="1" macroguid="{7CA49CD3-EFC7-43DA-8F72-D7A2C97596F3}"/>
      <assignment original="false" backup="false" contextid="Button10" shiftstate="1" macroguid="{E3CD8C59-B9EE-4F7E-A0E2-2BD978FD68A4}"/>
    </assignments>
    <pointers>
      <pointer devicemodel="Logitech.Gaming.Mouse.G9XCOD">
        <mode shiftstate="1">
          <reportrate rate="500"/>
          <powermode value="2"/>
          <dpitable defaultindex="1" shiftindex="1" syncxy="1">
            <dpi x="400" y="400" enabled="1"/>
            <dpi x="800" y="800" enabled="1"/>
            <dpi x="1600" y="1600" enabled="1"/>
            <dpi x="3200" y="3200" enabled="1"/>
          </dpitable>
          <movement speed="-1" acceleration="1"/>
        </mode>
      </pointer>
    </pointers>
    <backlight devicemodel="Logitech.Gaming.Mouse.G9XCOD">
      <mode shiftstate="1" color="#ff0028"/>
      <mode shiftstate="2" color="#00ff00"/>
      <mode shiftstate="3" color="#00ff00"/>
    </backlight>
    <backlight devicemodel="Logitech.Gaming.LeftHandedController.G13">
      <mode shiftstate="1" color="#0054ab"/>
      <mode shiftstate="2" color="#5aff6e"/>
      <mode shiftstate="3" color="#5aff6e"/>
    </backlight>
    <script>function OnEvent(event, arg)
    OutputLogMessage("event = %s, arg = %s\n", event, arg)
end</script>
  </profile>
</profiles>
