<?xml version="1.0" encoding="utf-8"?>
<profiles xmlns="http://www.logitech.com/Cassandra/2010.7/Profile">
  <profile gameid="" gkeysdk="0" guid="{A3680F18-A6EE-421C-82EE-B2CA62B7954C}" lastplayeddate="2016-01-23T19:31:50" launchable="1" lock="0" gpasupported="0" name="Red Faction Armageddon">
    <description></description>
    <target path="D:\STEAMLIBRARY\STEAMAPPS\COMMON\RED FACTION ARMAGEDDON\REDFACTIONARMAGEDDON.EXE"/>
    <target path="D:\STEAMLIBRARY\STEAMAPPS\COMMON\RED FACTION ARMAGEDDON\REDFACTIONARMAGEDDON_DX11.EXE"/>
    <signature value="" executable="" name="" key=""/>
    <macros>
      <macro original="true" guid="{29E2DEFE-B057-449A-B57F-21105AE2AA48}" color="4278246655" name="Left Click" hidden="false">
        <mousefunction xmlns="http://www.logitech.com/Cassandra/2010.1/Macros/MouseFunction">
          <do task="leftclick"/>
        </mousefunction>
      </macro>
      <macro original="true" guid="{A2DE582D-D851-40F9-9AD0-3FBF600F013F}" color="4278246655" name="Right Click" hidden="false">
        <mousefunction xmlns="http://www.logitech.com/Cassandra/2010.1/Macros/MouseFunction">
          <do task="rightclick"/>
        </mousefunction>
      </macro>
      <macro original="true" guid="{D4506B81-9363-4AC3-85E6-7666B50B209D}" color="4278246655" name="Middle Click" hidden="false">
        <mousefunction xmlns="http://www.logitech.com/Cassandra/2010.1/Macros/MouseFunction">
          <do task="middleclick"/>
        </mousefunction>
      </macro>
      <macro original="true" guid="{FD42BE12-E148-44E5-9597-0170AFD24260}" color="4278246655" name="Back" hidden="false">
        <mousefunction xmlns="http://www.logitech.com/Cassandra/2010.1/Macros/MouseFunction">
          <do task="back"/>
        </mousefunction>
      </macro>
      <macro original="true" guid="{84BE25C9-EA63-4E76-994C-C3660AD50910}" color="4278246655" name="Forward" hidden="false">
        <mousefunction xmlns="http://www.logitech.com/Cassandra/2010.1/Macros/MouseFunction">
          <do task="forward"/>
        </mousefunction>
      </macro>
      <macro original="true" guid="{B85A4FE2-C01F-4797-B6C1-8CAA9DE73477}" color="4278246655" name="Scroll Left" hidden="false">
        <mousefunction xmlns="http://www.logitech.com/Cassandra/2010.1/Macros/MouseFunction">
          <do task="scrollleft"/>
        </mousefunction>
      </macro>
      <macro original="true" guid="{7CAC164A-5CBB-4FA5-AD99-D6A5F0C8198A}" color="4278246655" name="Scroll Right" hidden="false">
        <mousefunction xmlns="http://www.logitech.com/Cassandra/2010.1/Macros/MouseFunction">
          <do task="scrollright"/>
        </mousefunction>
      </macro>
      <macro original="true" guid="{DEB8132C-4DDB-4751-A14D-252437DECF16}" devicecategory="Logitech.Gaming.Mouse" color="4278246655" name="DPI Up" hidden="false">
        <mousefunction xmlns="http://www.logitech.com/Cassandra/2010.1/Macros/MouseFunction">
          <do task="dpiup"/>
        </mousefunction>
      </macro>
      <macro original="true" guid="{3CD758BA-1BFD-4C59-AAC1-0CA25F9D0BAB}" devicecategory="Logitech.Gaming.Mouse" color="4278246655" name="DPI Down" hidden="false">
        <mousefunction xmlns="http://www.logitech.com/Cassandra/2010.1/Macros/MouseFunction">
          <do task="dpidown"/>
        </mousefunction>
      </macro>
      <macro original="true" guid="{501DAC54-999C-4C7A-9601-F2114622C59A}" color="4278246655" name="Use" hidden="false">
        <keystroke xmlns="http://www.logitech.com/Cassandra/2010.1/Macros/Keystroke">
          <key value="E"/>
        </keystroke>
      </macro>
      <macro original="true" guid="{1A11D529-6FF2-41D3-98E6-A815796D0B95}" color="4278246655" name="Weapon Menu" hidden="false">
        <keystroke xmlns="http://www.logitech.com/Cassandra/2010.1/Macros/Keystroke">
          <key value="Q"/>
        </keystroke>
      </macro>
      <macro original="true" guid="{D7F31E6E-C5E6-4B10-9097-BE357672BEA3}" color="4278246655" name="Weapon 1" hidden="false">
        <keystroke xmlns="http://www.logitech.com/Cassandra/2010.1/Macros/Keystroke">
          <key value="1"/>
        </keystroke>
      </macro>
      <macro original="true" guid="{78FAD493-5BBE-430D-9A05-0EA8D5FA41EE}" color="4278246655" name="Weapon 2" hidden="false">
        <keystroke xmlns="http://www.logitech.com/Cassandra/2010.1/Macros/Keystroke">
          <key value="2"/>
        </keystroke>
      </macro>
      <macro original="true" guid="{5A24DD3C-E9DA-44AC-80C3-54B7A6522F3B}" color="4278246655" name="Weapon 3" hidden="false">
        <keystroke xmlns="http://www.logitech.com/Cassandra/2010.1/Macros/Keystroke">
          <key value="3"/>
        </keystroke>
      </macro>
      <macro original="true" guid="{C7108FDB-725B-4629-A1CA-8D5FBA81B6C0}" color="4278246655" name="Weapon 4" hidden="false">
        <keystroke xmlns="http://www.logitech.com/Cassandra/2010.1/Macros/Keystroke">
          <key value="4"/>
        </keystroke>
      </macro>
      <macro original="true" guid="{4A0A06F5-2997-4767-9DF0-7A9AB32941D2}" color="4278246655" name="Jump" hidden="false">
        <keystroke xmlns="http://www.logitech.com/Cassandra/2010.1/Macros/Keystroke">
          <key value="SPACEBAR"/>
        </keystroke>
      </macro>
      <macro original="true" guid="{128A5235-EE4E-4F5F-A2B8-921EBCAB488A}" color="4278246655" name="Reload" hidden="false">
        <keystroke xmlns="http://www.logitech.com/Cassandra/2010.1/Macros/Keystroke">
          <key value="R"/>
        </keystroke>
      </macro>
      <macro original="true" guid="{30E3098C-C6E3-4200-870F-F25C0FF5C31C}" color="4278246655" name="Zoom" hidden="false">
        <keystroke xmlns="http://www.logitech.com/Cassandra/2010.1/Macros/Keystroke">
          <key value="F"/>
        </keystroke>
      </macro>
      <macro original="true" guid="{2A9EE1AB-104B-49BC-9904-9343ED3CCBF3}" color="4278246655" name="Walker Attack 4" hidden="false">
        <keystroke xmlns="http://www.logitech.com/Cassandra/2010.1/Macros/Keystroke">
          <key value="LCTRL"/>
        </keystroke>
      </macro>
      <macro original="true" guid="{C6B21C31-C08A-48FB-846B-20B3E248AA05}" color="4278246655" name="Forward" hidden="false">
        <keystroke xmlns="http://www.logitech.com/Cassandra/2010.1/Macros/Keystroke">
          <key value="W"/>
        </keystroke>
      </macro>
      <macro original="true" guid="{9C9BD8E0-3904-422F-95D0-754F69BA7864}" color="4278246655" name="Back" hidden="false">
        <keystroke xmlns="http://www.logitech.com/Cassandra/2010.1/Macros/Keystroke">
          <key value="S"/>
        </keystroke>
      </macro>
      <macro original="true" guid="{3E164AD2-133D-49F6-8870-4FD5D632883A}" color="4278246655" name="Left" hidden="false">
        <keystroke xmlns="http://www.logitech.com/Cassandra/2010.1/Macros/Keystroke">
          <key value="A"/>
        </keystroke>
      </macro>
      <macro original="true" guid="{DB1AEAAD-79DE-41A2-9AFC-97294252F3C8}" color="4278246655" name="Right" hidden="false">
        <keystroke xmlns="http://www.logitech.com/Cassandra/2010.1/Macros/Keystroke">
          <key value="D"/>
        </keystroke>
      </macro>
      <macro original="true" guid="{238A0280-DF24-4F27-84C8-BD0BF291AB16}" color="4278246655" name="Shift" hidden="false">
        <keystroke xmlns="http://www.logitech.com/Cassandra/2010.1/Macros/Keystroke">
          <key value="LSHIFT"/>
        </keystroke>
      </macro>
      <macro original="true" guid="{E44A7B99-63B8-4D3F-AB3F-FBD8F5A02194}" color="4278246655" name="Enter" hidden="false">
        <keystroke xmlns="http://www.logitech.com/Cassandra/2010.1/Macros/Keystroke">
          <key value="ENTER"/>
        </keystroke>
      </macro>
      <macro original="true" guid="{1F90B924-469B-42DF-8235-EE58892BE891}" color="4278246655" name="Next Track" hidden="true">
        <media xmlns="http://www.logitech.com/Cassandra/2010.1/Macros/Media">
          <do task="nexttrack"/>
        </media>
      </macro>
      <macro original="true" guid="{FCE0680E-159F-4B17-979C-3E676CAC77D5}" color="4278246655" name="Next Track" hidden="false">
        <media xmlns="http://www.logitech.com/Cassandra/2010.1/Macros/Media">
          <do task="nexttrack"/>
        </media>
      </macro>
      <macro original="true" guid="{798B908D-84DB-4764-9283-618E3A789EBF}" color="4278246655" name="Play/Pause" hidden="true">
        <media xmlns="http://www.logitech.com/Cassandra/2010.1/Macros/Media">
          <do task="playpause"/>
        </media>
      </macro>
      <macro original="true" guid="{54D83711-854C-4D79-8685-D4BC278CA18A}" color="4278246655" name="Play/Pause" hidden="false">
        <media xmlns="http://www.logitech.com/Cassandra/2010.1/Macros/Media">
          <do task="playpause"/>
        </media>
      </macro>
      <macro original="true" guid="{CBC47ADA-D481-42FA-99FE-9EE0AA216FE1}" color="4278246655" name="Previous Track" hidden="true">
        <media xmlns="http://www.logitech.com/Cassandra/2010.1/Macros/Media">
          <do task="previoustrack"/>
        </media>
      </macro>
      <macro original="true" guid="{15F89605-D888-4FEA-BD74-CE72CA07D287}" color="4278246655" name="Previous Track" hidden="false">
        <media xmlns="http://www.logitech.com/Cassandra/2010.1/Macros/Media">
          <do task="previoustrack"/>
        </media>
      </macro>
      <macro guid="{E6D51AD0-F20A-4370-8566-81003700642E}" color="4278246655" name="GPS" hidden="false">
        <keystroke xmlns="http://www.logitech.com/Cassandra/2010.1/Macros/Keystroke">
          <key value="TAB"/>
        </keystroke>
      </macro>
      <macro guid="{9DD41F62-8198-4B21-9B6C-5DFF40635242}" backupguid="{E6D51AD0-F20A-4370-8566-81003700642E}" color="4278246655" name="Map" hidden="false">
        <keystroke xmlns="http://www.logitech.com/Cassandra/2010.1/Macros/Keystroke">
          <key value="TAB"/>
        </keystroke>
      </macro>
      <macro guid="{79C8FA7C-E432-49AE-B6A8-9B5ACE211D6C}" color="4278246655" name="Esc" hidden="false">
        <keystroke xmlns="http://www.logitech.com/Cassandra/2010.1/Macros/Keystroke">
          <key value="ESCAPE"/>
        </keystroke>
      </macro>
      <macro guid="{1845534E-FC2B-4716-8CE5-5A59AD81CF82}" backupguid="{79C8FA7C-E432-49AE-B6A8-9B5ACE211D6C}" color="4278246655" name="Pause" hidden="false">
        <keystroke xmlns="http://www.logitech.com/Cassandra/2010.1/Macros/Keystroke">
          <key value="ESCAPE"/>
        </keystroke>
      </macro>
      <macro guid="{EC81064D-B318-4719-BF44-F135C1E8BF1F}" color="4278246655" name="Impact" hidden="false">
        <keystroke xmlns="http://www.logitech.com/Cassandra/2010.1/Macros/Keystroke">
          <key value="Q"/>
        </keystroke>
      </macro>
      <macro guid="{BCB2D2CF-7466-4E75-BE4E-E9E3B26B1A0E}" color="4278246655" name="Beserker" hidden="false">
        <keystroke xmlns="http://www.logitech.com/Cassandra/2010.1/Macros/Keystroke">
          <key value="C"/>
        </keystroke>
      </macro>
      <macro guid="{72683D93-A04A-4B8A-8661-1C4C1146FB5C}" color="4278246655" name="Shell" hidden="false">
        <keystroke xmlns="http://www.logitech.com/Cassandra/2010.1/Macros/Keystroke">
          <key value="X"/>
        </keystroke>
      </macro>
      <macro guid="{97C91DF3-1D9F-4E22-8FC3-F3CCA5AB6A33}" color="4278246655" name="Repair" hidden="false">
        <keystroke xmlns="http://www.logitech.com/Cassandra/2010.1/Macros/Keystroke">
          <key value="G"/>
        </keystroke>
      </macro>
      <macro guid="{66C6D41F-CD97-4186-ACF9-7F05558F9214}" color="4278246655" name="Push to talk" hidden="false">
        <keystroke xmlns="http://www.logitech.com/Cassandra/2010.1/Macros/Keystroke">
          <key value="V"/>
        </keystroke>
      </macro>
      <macro guid="{8B078417-2B2E-4D0B-9BDC-4BA88B94F821}" color="4278246655" name="Targetting mode" hidden="false">
        <keystroke xmlns="http://www.logitech.com/Cassandra/2010.1/Macros/Keystroke">
          <key value="Z"/>
        </keystroke>
      </macro>
      <macro guid="{EE375575-EF66-4A9D-9FBB-1D2C5DDBD31A}" color="4278246655" name="Crouch" hidden="false">
        <keystroke xmlns="http://www.logitech.com/Cassandra/2010.1/Macros/Keystroke">
          <key value="LCTRL"/>
        </keystroke>
      </macro>
      <macro guid="{7D7AD9B6-63AE-4FE1-8606-7EF4182625D3}" backupguid="{EE375575-EF66-4A9D-9FBB-1D2C5DDBD31A}" color="4278246655" name="Crouch" hidden="false">
        <keystroke xmlns="http://www.logitech.com/Cassandra/2010.1/Macros/Keystroke">
          <key value="C"/>
        </keystroke>
      </macro>
      <macro guid="{6379107A-0BEA-42B5-B71E-EDFB242E4E2A}" color="4278246655" name="Grenade" hidden="false">
        <keystroke xmlns="http://www.logitech.com/Cassandra/2010.1/Macros/Keystroke">
          <key value="G"/>
        </keystroke>
      </macro>
      <macro guid="{284117C4-677F-4987-8D9B-7C4E1B61E5D1}" color="4278246655" name="Melee" hidden="false">
        <keystroke xmlns="http://www.logitech.com/Cassandra/2010.1/Macros/Keystroke">
          <key value="F"/>
        </keystroke>
      </macro>
      <macro guid="{CC417119-FB0A-4861-9CA5-4D88CBD27227}" backupguid="{284117C4-677F-4987-8D9B-7C4E1B61E5D1}" color="4278246655" name="Melee" hidden="false">
        <keystroke xmlns="http://www.logitech.com/Cassandra/2010.1/Macros/Keystroke">
          <key value="M"/>
        </keystroke>
      </macro>
    </macros>
    <assignments devicecategory="Logitech.Gaming.Headset">
      <assignment original="true" backup="false" shiftstate="1" contextid="G1" macroguid="{FCE0680E-159F-4B17-979C-3E676CAC77D5}"/>
      <assignment original="true" backup="false" shiftstate="1" contextid="G2" macroguid="{54D83711-854C-4D79-8685-D4BC278CA18A}"/>
      <assignment original="true" backup="false" shiftstate="1" contextid="G3" macroguid="{15F89605-D888-4FEA-BD74-CE72CA07D287}"/>
    </assignments>
    <assignments devicecategory="Logitech.Gaming.LeftHandedController">
      <assignment original="true" backup="false" shiftstate="1" contextid="G4" macroguid="{C6B21C31-C08A-48FB-846B-20B3E248AA05}"/>
      <assignment original="true" backup="false" shiftstate="1" contextid="G10" macroguid="{3E164AD2-133D-49F6-8870-4FD5D632883A}"/>
      <assignment original="false" backup="false" shiftstate="1" contextid="G14" macroguid="{E6D51AD0-F20A-4370-8566-81003700642E}"/>
      <assignment original="false" backup="false" shiftstate="1" contextid="G1" macroguid="{79C8FA7C-E432-49AE-B6A8-9B5ACE211D6C}"/>
      <assignment original="true" backup="false" shiftstate="1" contextid="G5" macroguid="{128A5235-EE4E-4F5F-A2B8-921EBCAB488A}"/>
      <assignment original="true" backup="false" shiftstate="1" contextid="G12" macroguid="{DB1AEAAD-79DE-41A2-9AFC-97294252F3C8}"/>
      <assignment original="true" backup="false" shiftstate="1" contextid="G15" macroguid="{238A0280-DF24-4F27-84C8-BD0BF291AB16}"/>
      <assignment original="true" backup="false" shiftstate="1" contextid="G3" macroguid="{501DAC54-999C-4C7A-9601-F2114622C59A}"/>
      <assignment original="true" backup="false" shiftstate="1" contextid="G29" macroguid="{78FAD493-5BBE-430D-9A05-0EA8D5FA41EE}"/>
      <assignment original="true" backup="false" shiftstate="1" contextid="G25" macroguid="{1A11D529-6FF2-41D3-98E6-A815796D0B95}"/>
      <assignment original="false" backup="false" shiftstate="1" contextid="G22" macroguid="{EE375575-EF66-4A9D-9FBB-1D2C5DDBD31A}"/>
      <assignment original="true" backup="false" shiftstate="1" contextid="G11" macroguid="{9C9BD8E0-3904-422F-95D0-754F69BA7864}"/>
      <assignment original="false" backup="true" shiftstate="1" contextid="G9" macroguid="{2A9EE1AB-104B-49BC-9904-9343ED3CCBF3}"/>
      <assignment original="true" backup="false" shiftstate="1" contextid="G26" macroguid="{5A24DD3C-E9DA-44AC-80C3-54B7A6522F3B}"/>
      <assignment original="true" backup="false" shiftstate="1" contextid="G27" macroguid="{C7108FDB-725B-4629-A1CA-8D5FBA81B6C0}"/>
      <assignment original="true" backup="false" shiftstate="1" contextid="G28" macroguid="{D7F31E6E-C5E6-4B10-9097-BE357672BEA3}"/>
      <assignment original="false" backup="true" shiftstate="1" contextid="G13" macroguid="{30E3098C-C6E3-4200-870F-F25C0FF5C31C}"/>
      <assignment original="false" backup="true" shiftstate="1" contextid="G8" macroguid="{E44A7B99-63B8-4D3F-AB3F-FBD8F5A02194}"/>
      <assignment original="false" backup="true" shiftstate="1" contextid="G14" macroguid="{E6D51AD0-F20A-4370-8566-81003700642E}"/>
      <assignment original="false" backup="true" shiftstate="1" contextid="G1" macroguid="{79C8FA7C-E432-49AE-B6A8-9B5ACE211D6C}"/>
      <assignment original="false" backup="false" shiftstate="1" contextid="G9" macroguid="{EC81064D-B318-4719-BF44-F135C1E8BF1F}"/>
      <assignment original="false" backup="false" shiftstate="1" contextid="G23" macroguid="{97C91DF3-1D9F-4E22-8FC3-F3CCA5AB6A33}"/>
      <assignment original="false" backup="false" shiftstate="1" contextid="G24" macroguid="{66C6D41F-CD97-4186-ACF9-7F05558F9214}"/>
      <assignment original="false" backup="false" shiftstate="1" contextid="G7" macroguid="{8B078417-2B2E-4D0B-9BDC-4BA88B94F821}"/>
      <assignment original="false" backup="true" shiftstate="1" contextid="G22" macroguid="{EE375575-EF66-4A9D-9FBB-1D2C5DDBD31A}"/>
      <assignment original="false" backup="false" shiftstate="1" contextid="G13" macroguid="{6379107A-0BEA-42B5-B71E-EDFB242E4E2A}"/>
      <assignment original="false" backup="false" shiftstate="1" contextid="G20" macroguid="{BCB2D2CF-7466-4E75-BE4E-E9E3B26B1A0E}"/>
      <assignment original="false" backup="false" shiftstate="1" contextid="G8" macroguid="{72683D93-A04A-4B8A-8661-1C4C1146FB5C}"/>
    </assignments>
    <assignments devicecategory="Logitech.Gaming.Mouse.G9">
      <assignment original="true" backup="false" shiftstate="1" contextid="Button1" macroguid="{29E2DEFE-B057-449A-B57F-21105AE2AA48}"/>
      <assignment original="true" backup="false" shiftstate="1" contextid="Button2" macroguid="{A2DE582D-D851-40F9-9AD0-3FBF600F013F}"/>
      <assignment original="true" backup="false" shiftstate="1" contextid="Button3" macroguid="{D4506B81-9363-4AC3-85E6-7666B50B209D}"/>
      <assignment original="true" backup="false" shiftstate="1" contextid="Button7" macroguid="{B85A4FE2-C01F-4797-B6C1-8CAA9DE73477}"/>
      <assignment original="true" backup="false" shiftstate="1" contextid="Button8" macroguid="{7CAC164A-5CBB-4FA5-AD99-D6A5F0C8198A}"/>
      <assignment original="true" backup="false" shiftstate="1" contextid="Button9" macroguid="{DEB8132C-4DDB-4751-A14D-252437DECF16}"/>
      <assignment original="true" backup="false" shiftstate="1" contextid="Button10" macroguid="{3CD758BA-1BFD-4C59-AAC1-0CA25F9D0BAB}"/>
      <assignment original="true" backup="false" shiftstate="1" contextid="Button4" macroguid="{4A0A06F5-2997-4767-9DF0-7A9AB32941D2}"/>
      <assignment original="false" backup="false" shiftstate="1" contextid="Button5" macroguid="{284117C4-677F-4987-8D9B-7C4E1B61E5D1}"/>
      <assignment original="false" backup="true" shiftstate="1" contextid="Button5" macroguid="{284117C4-677F-4987-8D9B-7C4E1B61E5D1}"/>
    </assignments>
    <pointers>
      <pointer devicemodel="Logitech.Gaming.Mouse.G9XCOD">
        <mode shiftstate="1">
          <reportrate rate="500"/>
          <powermode value="2"/>
          <dpitable shiftindex="1" syncxy="1" defaultindex="1">
            <dpi enabled="1" x="400" y="400"/>
            <dpi enabled="1" x="800" y="800"/>
            <dpi enabled="1" x="1600" y="1600"/>
            <dpi enabled="1" x="3200" y="3200"/>
          </dpitable>
          <movement speed="-1" acceleration="1"/>
        </mode>
      </pointer>
    </pointers>
    <backlight devicemodel="Logitech.Gaming.Mouse.G9XCOD">
      <mode shiftstate="1" color="#ff8c00"/>
      <mode shiftstate="2" color="#00ff00"/>
      <mode shiftstate="3" color="#00ff00"/>
    </backlight>
    <backlight devicemodel="Logitech.Gaming.LeftHandedController.G13">
      <mode shiftstate="1" color="#00b7f9"/>
      <mode shiftstate="2" color="#5aff6e"/>
      <mode shiftstate="3" color="#5aff6e"/>
    </backlight>
    <script>function OnEvent(event, arg)
    OutputLogMessage("event = %s, arg = %s\n", event, arg)
end</script>
  </profile>
</profiles>
