<?xml version="1.0" encoding="utf-8"?>
<profiles xmlns="http://www.logitech.com/Cassandra/2010.7/Profile">
  <profile gkeysdk="0" guid="{AB9BB5A6-8B45-4135-813F-2A856931055A}" lock="0" name="The Secret World DX11">
    <description></description>
    <target path="C:\PROGRAM FILES (X86)\FUNCOM\THE SECRET WORLD\THESECRETWORLDDX11.EXE"/>
    <signature key="" value="" executable="" name=""/>
    <macros>
      <macro guid="{29E2DEFE-B057-449A-B57F-21105AE2AA48}" hidden="false" name="Left Click">
        <mousefunction xmlns="http://www.logitech.com/Cassandra/2010.1/Macros/MouseFunction">
          <do task="leftclick"/>
        </mousefunction>
      </macro>
      <macro guid="{A2DE582D-D851-40F9-9AD0-3FBF600F013F}" hidden="false" name="Right Click">
        <mousefunction xmlns="http://www.logitech.com/Cassandra/2010.1/Macros/MouseFunction">
          <do task="rightclick"/>
        </mousefunction>
      </macro>
      <macro guid="{D4506B81-9363-4AC3-85E6-7666B50B209D}" hidden="false" name="Middle Click">
        <mousefunction xmlns="http://www.logitech.com/Cassandra/2010.1/Macros/MouseFunction">
          <do task="middleclick"/>
        </mousefunction>
      </macro>
      <macro guid="{FD42BE12-E148-44E5-9597-0170AFD24260}" hidden="false" name="Back">
        <mousefunction xmlns="http://www.logitech.com/Cassandra/2010.1/Macros/MouseFunction">
          <do task="back"/>
        </mousefunction>
      </macro>
      <macro guid="{84BE25C9-EA63-4E76-994C-C3660AD50910}" hidden="false" name="Forward">
        <mousefunction xmlns="http://www.logitech.com/Cassandra/2010.1/Macros/MouseFunction">
          <do task="forward"/>
        </mousefunction>
      </macro>
      <macro guid="{B85A4FE2-C01F-4797-B6C1-8CAA9DE73477}" hidden="false" name="Scroll Left">
        <mousefunction xmlns="http://www.logitech.com/Cassandra/2010.1/Macros/MouseFunction">
          <do task="scrollleft"/>
        </mousefunction>
      </macro>
      <macro guid="{7CAC164A-5CBB-4FA5-AD99-D6A5F0C8198A}" hidden="false" name="Scroll Right">
        <mousefunction xmlns="http://www.logitech.com/Cassandra/2010.1/Macros/MouseFunction">
          <do task="scrollright"/>
        </mousefunction>
      </macro>
      <macro devicecategory="Logitech.Gaming.Mouse" guid="{DEB8132C-4DDB-4751-A14D-252437DECF16}" hidden="false" name="DPI Up">
        <mousefunction xmlns="http://www.logitech.com/Cassandra/2010.1/Macros/MouseFunction">
          <do task="dpiup"/>
        </mousefunction>
      </macro>
      <macro devicecategory="Logitech.Gaming.Mouse" guid="{3CD758BA-1BFD-4C59-AAC1-0CA25F9D0BAB}" hidden="false" name="DPI Down">
        <mousefunction xmlns="http://www.logitech.com/Cassandra/2010.1/Macros/MouseFunction">
          <do task="dpidown"/>
        </mousefunction>
      </macro>
      <macro guid="{23D4C166-40A6-480F-A9A3-76B2635C89EE}" hidden="false" name="forward">
        <keystroke xmlns="http://www.logitech.com/Cassandra/2010.1/Macros/Keystroke">
          <key value="W"/>
        </keystroke>
      </macro>
      <macro guid="{9B64FE4F-79FC-4DD6-92C3-D57AC149A6D7}" hidden="false" name="back">
        <keystroke xmlns="http://www.logitech.com/Cassandra/2010.1/Macros/Keystroke">
          <key value="S"/>
        </keystroke>
      </macro>
      <macro guid="{42F54B85-13AA-43FC-B17E-2D4366E94046}" hidden="false" name="left">
        <keystroke xmlns="http://www.logitech.com/Cassandra/2010.1/Macros/Keystroke">
          <key value="A"/>
        </keystroke>
      </macro>
      <macro guid="{02EC6C0A-39F8-4411-AB8D-BAFE9C1D655F}" hidden="false" name="right">
        <keystroke xmlns="http://www.logitech.com/Cassandra/2010.1/Macros/Keystroke">
          <key value="D"/>
        </keystroke>
      </macro>
      <macro guid="{49FF7B31-BA1F-460A-AED1-54AB2F2761C4}" hidden="false" name="Active dodge">
        <keystroke xmlns="http://www.logitech.com/Cassandra/2010.1/Macros/Keystroke">
          <key value="LSHIFT"/>
        </keystroke>
      </macro>
      <macro guid="{44AC8836-1B31-43C2-B74A-44FDFC71354E}" hidden="false" name="Toggle target mode">
        <keystroke xmlns="http://www.logitech.com/Cassandra/2010.1/Macros/Keystroke">
          <key value="T"/>
        </keystroke>
      </macro>
      <macro guid="{7DDC37C0-2544-44B8-9E46-DE66E874C9C7}" hidden="false" name="Attack stance">
        <keystroke xmlns="http://www.logitech.com/Cassandra/2010.1/Macros/Keystroke">
          <key value="TILDE"/>
        </keystroke>
      </macro>
      <macro guid="{9F74FDA1-51F5-4E53-878C-6DA1B1D77394}" hidden="false" name="Assist Friendly">
        <keystroke xmlns="http://www.logitech.com/Cassandra/2010.1/Macros/Keystroke">
          <key value="F"/>
        </keystroke>
      </macro>
      <macro guid="{9D2BAB43-FFA5-40C9-B176-FB4AD76A6276}" hidden="false" name="Assist Hostile">
        <keystroke xmlns="http://www.logitech.com/Cassandra/2010.1/Macros/Keystroke">
          <key value="F"/>
          <modifier value="LCTRL"/>
        </keystroke>
      </macro>
      <macro guid="{FF45EC4D-CDFE-4F48-B023-C22111C25A31}" hidden="false" name="Swap Weapon">
        <keystroke xmlns="http://www.logitech.com/Cassandra/2010.1/Macros/Keystroke">
          <key value="R"/>
          <modifier value="LSHIFT"/>
        </keystroke>
      </macro>
      <macro guid="{DCA5ECA0-053E-433C-8393-816A62372CDC}" hidden="false" name="Next Enemy">
        <keystroke xmlns="http://www.logitech.com/Cassandra/2010.1/Macros/Keystroke">
          <key value="TAB"/>
        </keystroke>
      </macro>
      <macro guid="{8AD1DBC1-257D-4AB5-9866-7AAD8BEAD461}" hidden="false" name="Previous enemy">
        <keystroke xmlns="http://www.logitech.com/Cassandra/2010.1/Macros/Keystroke">
          <key value="TAB"/>
          <modifier value="LSHIFT"/>
        </keystroke>
      </macro>
      <macro guid="{14038A0F-F500-471D-934C-A3EFE9E7F3F4}" hidden="false" name="Next friend">
        <keystroke xmlns="http://www.logitech.com/Cassandra/2010.1/Macros/Keystroke">
          <key value="TAB"/>
          <modifier value="LCTRL"/>
        </keystroke>
      </macro>
      <macro guid="{FB514DD4-5BA7-4299-9115-DDAB2B0DA3AA}" hidden="false" name="Previous friend">
        <keystroke xmlns="http://www.logitech.com/Cassandra/2010.1/Macros/Keystroke">
          <key value="TAB"/>
          <modifier value="LCTRL"/>
          <modifier value="LSHIFT"/>
        </keystroke>
      </macro>
      <macro guid="{497EAF96-DD8E-4F69-B9C2-BBE9DB756F0A}" hidden="false" name="Defensive self">
        <keystroke xmlns="http://www.logitech.com/Cassandra/2010.1/Macros/Keystroke">
          <key value="LALT"/>
        </keystroke>
      </macro>
      <macro guid="{A8A617B6-70A5-4BF3-AC49-21B9B5109322}" hidden="false" name="Offensive self">
        <keystroke xmlns="http://www.logitech.com/Cassandra/2010.1/Macros/Keystroke">
          <key value="F1"/>
        </keystroke>
      </macro>
      <macro guid="{2A51ADD7-1A0F-4E9E-92BF-A9F7FAC3A6D2}" hidden="false" name="Group Member 1">
        <keystroke xmlns="http://www.logitech.com/Cassandra/2010.1/Macros/Keystroke">
          <key value="F2"/>
        </keystroke>
      </macro>
      <macro guid="{70CAF611-A921-46A5-97D4-8042CFDF13EA}" hidden="false" name="Group Member 2">
        <keystroke xmlns="http://www.logitech.com/Cassandra/2010.1/Macros/Keystroke">
          <key value="F3"/>
        </keystroke>
      </macro>
      <macro guid="{ABD18A14-C80E-4435-87A3-4CD278CC9F21}" hidden="false" name="Group Member 4">
        <keystroke xmlns="http://www.logitech.com/Cassandra/2010.1/Macros/Keystroke">
          <key value="F4"/>
        </keystroke>
      </macro>
      <macro guid="{55170789-6086-4A46-99A8-1C1E7F32441D}" hidden="false" name="Group Member 5">
        <keystroke xmlns="http://www.logitech.com/Cassandra/2010.1/Macros/Keystroke">
          <key value="F5"/>
        </keystroke>
      </macro>
      <macro guid="{84E0285A-4E5C-48A5-9488-C0DF30914F6C}" hidden="false" name="Group Member 6">
        <keystroke xmlns="http://www.logitech.com/Cassandra/2010.1/Macros/Keystroke">
          <key value="F6"/>
        </keystroke>
      </macro>
      <macro guid="{181C28F7-0B15-4A76-8263-A865DBF966A8}" hidden="false" name="Ground targeting">
        <keystroke xmlns="http://www.logitech.com/Cassandra/2010.1/Macros/Keystroke">
          <key value="LCTRL"/>
        </keystroke>
      </macro>
      <macro guid="{D7098259-408F-46E5-8CC8-B8F38ECCB693}" hidden="false" name="Action bar 1">
        <keystroke xmlns="http://www.logitech.com/Cassandra/2010.1/Macros/Keystroke">
          <key value="1"/>
        </keystroke>
      </macro>
      <macro guid="{BD5ACCA8-3469-4BB4-8549-6CA474193F3A}" hidden="false" name="Action bar 2">
        <keystroke xmlns="http://www.logitech.com/Cassandra/2010.1/Macros/Keystroke">
          <key value="2"/>
        </keystroke>
      </macro>
      <macro guid="{58C968DB-A131-414B-86E0-D5B1EDA9409D}" hidden="false" name="Action bar 3">
        <keystroke xmlns="http://www.logitech.com/Cassandra/2010.1/Macros/Keystroke">
          <key value="3"/>
        </keystroke>
      </macro>
      <macro guid="{2F3323F2-B39B-4CEC-9327-DA66786EA467}" hidden="false" name="Action bar 4">
        <keystroke xmlns="http://www.logitech.com/Cassandra/2010.1/Macros/Keystroke">
          <key value="4"/>
        </keystroke>
      </macro>
      <macro guid="{4ADD8104-2EC9-46F1-B100-D528230E1353}" hidden="false" name="Action bar 5">
        <keystroke xmlns="http://www.logitech.com/Cassandra/2010.1/Macros/Keystroke">
          <key value="5"/>
        </keystroke>
      </macro>
      <macro guid="{EC9A0289-CB4D-4620-98FE-E82841DEFAF6}" hidden="false" name="Action bar 6">
        <keystroke xmlns="http://www.logitech.com/Cassandra/2010.1/Macros/Keystroke">
          <key value="6"/>
        </keystroke>
      </macro>
      <macro guid="{580A3854-B14C-48F2-AB76-480671E007C7}" hidden="false" name="Action bar 7">
        <keystroke xmlns="http://www.logitech.com/Cassandra/2010.1/Macros/Keystroke">
          <key value="7"/>
        </keystroke>
      </macro>
      <macro guid="{6E947EF0-1C11-41B8-BFBA-4DBD08983928}" hidden="false" name="Action bar 8">
        <keystroke xmlns="http://www.logitech.com/Cassandra/2010.1/Macros/Keystroke">
          <key value="8"/>
        </keystroke>
      </macro>
      <macro guid="{78986CBE-3369-4B72-A5AB-33C69E7F4049}" hidden="false" name="Shortcut Button 1">
        <keystroke xmlns="http://www.logitech.com/Cassandra/2010.1/Macros/Keystroke">
          <key value="1"/>
          <modifier value="LSHIFT"/>
        </keystroke>
      </macro>
      <macro guid="{2C8166A5-40DB-4266-B6BC-A5A05745F6AA}" hidden="false" name="Shortcut Button 2">
        <keystroke xmlns="http://www.logitech.com/Cassandra/2010.1/Macros/Keystroke">
          <key value="2"/>
          <modifier value="LSHIFT"/>
        </keystroke>
      </macro>
      <macro guid="{E7D78500-4684-46F3-A830-4E39511D99FD}" hidden="false" name="Shortcut Button 3">
        <keystroke xmlns="http://www.logitech.com/Cassandra/2010.1/Macros/Keystroke">
          <key value="3"/>
          <modifier value="LSHIFT"/>
        </keystroke>
      </macro>
      <macro guid="{5FD6CF08-9A15-491F-B9B9-8995BB32E402}" hidden="false" name="Shortcut Button 4">
        <keystroke xmlns="http://www.logitech.com/Cassandra/2010.1/Macros/Keystroke">
          <key value="4"/>
          <modifier value="LCTRL"/>
        </keystroke>
      </macro>
      <macro guid="{2245C1A6-CF03-430C-94F1-B097B96CE850}" hidden="false" name="Shortcut Button 5">
        <keystroke xmlns="http://www.logitech.com/Cassandra/2010.1/Macros/Keystroke">
          <key value="5"/>
          <modifier value="LSHIFT"/>
        </keystroke>
      </macro>
      <macro guid="{EA0B25E6-A8E1-46C9-8A74-09F4C726D440}" hidden="false" name="Shift">
        <keystroke xmlns="http://www.logitech.com/Cassandra/2010.1/Macros/Keystroke">
          <key value="LSHIFT"/>
        </keystroke>
      </macro>
      <macro guid="{25C1B01F-D0BA-434B-8A7E-1FBF397766D1}" hidden="false" name="Inventory">
        <keystroke xmlns="http://www.logitech.com/Cassandra/2010.1/Macros/Keystroke">
          <key value="I"/>
        </keystroke>
      </macro>
      <macro guid="{E32B660A-F9DD-4298-8EDA-12C170A676FF}" hidden="false" name="Skill points">
        <keystroke xmlns="http://www.logitech.com/Cassandra/2010.1/Macros/Keystroke">
          <key value="K"/>
        </keystroke>
      </macro>
      <macro guid="{A8A6D203-59E2-4761-B832-3CCF1C105074}" hidden="false" name="Ability Wheel">
        <keystroke xmlns="http://www.logitech.com/Cassandra/2010.1/Macros/Keystroke">
          <key value="N"/>
        </keystroke>
      </macro>
      <macro guid="{E9811539-E5B4-4895-B401-6DE9AE321763}" hidden="false" name="Journal">
        <keystroke xmlns="http://www.logitech.com/Cassandra/2010.1/Macros/Keystroke">
          <key value="J"/>
        </keystroke>
      </macro>
      <macro guid="{6A0E7059-A2B9-45B2-B1C8-9C45B1D0A6EF}" hidden="false" name="Assembly Window">
        <keystroke xmlns="http://www.logitech.com/Cassandra/2010.1/Macros/Keystroke">
          <key value="Y"/>
        </keystroke>
      </macro>
      <macro guid="{FAE89A1C-D536-4107-8ADB-227843534940}" hidden="false" name="Browser">
        <keystroke xmlns="http://www.logitech.com/Cassandra/2010.1/Macros/Keystroke">
          <key value="B"/>
        </keystroke>
      </macro>
      <macro guid="{67E52E05-678D-4B04-A492-2A67F609A174}" hidden="false" name="Lore &amp; Achievements">
        <keystroke xmlns="http://www.logitech.com/Cassandra/2010.1/Macros/Keystroke">
          <key value="L"/>
        </keystroke>
      </macro>
      <macro guid="{F1DDE461-5B9E-4A2B-876B-97C64D7377D2}" hidden="false" name="Map">
        <keystroke xmlns="http://www.logitech.com/Cassandra/2010.1/Macros/Keystroke">
          <key value="M"/>
        </keystroke>
      </macro>
      <macro guid="{712D3458-DE4E-4CD1-B246-030FA30E7BF2}" hidden="false" name="Interact">
        <keystroke xmlns="http://www.logitech.com/Cassandra/2010.1/Macros/Keystroke">
          <key value="U"/>
        </keystroke>
      </macro>
      <macro guid="{6945E2FD-3B12-4A87-A69B-F3818C449D02}" hidden="false" name="Abort action">
        <keystroke xmlns="http://www.logitech.com/Cassandra/2010.1/Macros/Keystroke">
          <key value="ESCAPE"/>
        </keystroke>
      </macro>
      <macro guid="{B32C50E5-5D6F-4B72-A761-84B659903296}" hidden="false" name="Clear screen">
        <keystroke xmlns="http://www.logitech.com/Cassandra/2010.1/Macros/Keystroke">
          <key value="ESCAPE"/>
          <modifier value="LSHIFT"/>
        </keystroke>
      </macro>
      <macro guid="{0C84D63F-46CD-486D-B47E-AE4F68488925}" hidden="false" name="Auto loot">
        <keystroke xmlns="http://www.logitech.com/Cassandra/2010.1/Macros/Keystroke">
          <key value="V"/>
        </keystroke>
      </macro>
      <macro guid="{1CBD25A3-ADF2-47FC-95D7-AE2AE10389DD}" hidden="false" name="Mov video">
        <keystroke xmlns="http://www.logitech.com/Cassandra/2010.1/Macros/Keystroke">
          <key value="F11"/>
          <modifier value="LCTRL"/>
        </keystroke>
      </macro>
      <macro guid="{EF340CCD-8A4B-4586-9CD7-5406996965A1}" hidden="false" name="Quicktime video">
        <keystroke xmlns="http://www.logitech.com/Cassandra/2010.1/Macros/Keystroke">
          <key value="F12"/>
          <modifier value="LCTRL"/>
        </keystroke>
      </macro>
      <macro guid="{060E1FF0-F0CF-4230-9AD7-982D7E3D18D9}" hidden="false" name="Screenshot">
        <keystroke xmlns="http://www.logitech.com/Cassandra/2010.1/Macros/Keystroke">
          <key value="F11"/>
        </keystroke>
      </macro>
      <macro guid="{11A079B2-3CA5-415E-945F-08EBE33E8796}" hidden="false" name="Exit">
        <keystroke xmlns="http://www.logitech.com/Cassandra/2010.1/Macros/Keystroke">
          <key value="F4"/>
          <modifier value="LALT"/>
        </keystroke>
      </macro>
      <macro guid="{B81E6A52-97A7-4FBE-9EC4-19A37123AEAD}" hidden="false" name="Item store">
        <keystroke xmlns="http://www.logitech.com/Cassandra/2010.1/Macros/Keystroke">
          <key value="COMMA"/>
        </keystroke>
      </macro>
      <macro guid="{16FD6F01-70B7-4E31-A05E-458622DE6AFF}" hidden="false" name="Chronicle">
        <keystroke xmlns="http://www.logitech.com/Cassandra/2010.1/Macros/Keystroke">
          <key value="PERIOD"/>
        </keystroke>
      </macro>
      <macro guid="{17ECA54F-F641-444A-8716-4404F2BB7647}" hidden="false" name="Friends">
        <keystroke xmlns="http://www.logitech.com/Cassandra/2010.1/Macros/Keystroke">
          <key value="F"/>
          <modifier value="LSHIFT"/>
        </keystroke>
      </macro>
      <macro guid="{FA67757D-008E-4526-9940-BC0097516E59}" hidden="false" name="Group">
        <keystroke xmlns="http://www.logitech.com/Cassandra/2010.1/Macros/Keystroke">
          <key value="C"/>
          <modifier value="LSHIFT"/>
        </keystroke>
      </macro>
      <macro guid="{E2F2EBB8-9819-4C6C-9ACF-787EFC754E17}" hidden="false" name="PVP Stats">
        <keystroke xmlns="http://www.logitech.com/Cassandra/2010.1/Macros/Keystroke">
          <key value="P"/>
        </keystroke>
      </macro>
      <macro guid="{E136ABFD-684D-4347-BFDA-660FCE867323}" hidden="false" name="Toggle run">
        <keystroke xmlns="http://www.logitech.com/Cassandra/2010.1/Macros/Keystroke">
          <key value="BACKSPACE"/>
        </keystroke>
      </macro>
      <macro guid="{083293CE-56F7-4B4B-8F44-93BCE76BEA95}" hidden="false" name="Autorun">
        <keystroke xmlns="http://www.logitech.com/Cassandra/2010.1/Macros/Keystroke">
          <key value="NUMLOCK"/>
        </keystroke>
      </macro>
      <macro guid="{8597A2DA-FA33-4E91-8847-01F5DAF97CD8}" hidden="false" name="Jump">
        <keystroke xmlns="http://www.logitech.com/Cassandra/2010.1/Macros/Keystroke">
          <key value="SPACEBAR"/>
        </keystroke>
      </macro>
      <macro guid="{F1DD7D8D-AD77-4381-A11A-BC0F807660DD}" hidden="false" name="Sprint">
        <keystroke xmlns="http://www.logitech.com/Cassandra/2010.1/Macros/Keystroke">
          <key value="X"/>
        </keystroke>
      </macro>
      <macro guid="{1D1E08E6-0DAB-42D3-8A14-D72DBA515039}" hidden="false" name="Cabal Window">
        <keystroke xmlns="http://www.logitech.com/Cassandra/2010.1/Macros/Keystroke">
          <key value="G"/>
          <modifier value="LSHIFT"/>
        </keystroke>
      </macro>
      <macro guid="{89816E4D-E41B-4C70-9C5B-1253825E6821}" hidden="false" name="Strafe left">
        <keystroke xmlns="http://www.logitech.com/Cassandra/2010.1/Macros/Keystroke">
          <key value="Q"/>
        </keystroke>
      </macro>
      <macro guid="{F09C06B1-6B65-4EF7-A3BC-B17E3E84769C}" hidden="false" name="Strafe right">
        <keystroke xmlns="http://www.logitech.com/Cassandra/2010.1/Macros/Keystroke">
          <key value="E"/>
        </keystroke>
      </macro>
    </macros>
    <assignments devicecategory="Logitech.Gaming.LeftHandedController">
      <assignment original="false" backup="false" contextid="G11" shiftstate="1" macroguid="{9B64FE4F-79FC-4DD6-92C3-D57AC149A6D7}"/>
      <assignment original="false" backup="false" contextid="G4" shiftstate="1" macroguid="{23D4C166-40A6-480F-A9A3-76B2635C89EE}"/>
      <assignment original="false" backup="false" contextid="G9" shiftstate="1" macroguid="{D7098259-408F-46E5-8CC8-B8F38ECCB693}"/>
      <assignment original="false" backup="false" contextid="G5" shiftstate="1" macroguid="{58C968DB-A131-414B-86E0-D5B1EDA9409D}"/>
      <assignment original="false" backup="false" contextid="G13" shiftstate="1" macroguid="{2F3323F2-B39B-4CEC-9327-DA66786EA467}"/>
      <assignment original="false" backup="false" contextid="G27" shiftstate="1" macroguid="{EC9A0289-CB4D-4620-98FE-E82841DEFAF6}"/>
      <assignment original="false" backup="false" contextid="G26" shiftstate="1" macroguid="{4ADD8104-2EC9-46F1-B100-D528230E1353}"/>
      <assignment original="false" backup="false" contextid="G29" shiftstate="1" macroguid="{580A3854-B14C-48F2-AB76-480671E007C7}"/>
      <assignment original="false" backup="false" contextid="G28" shiftstate="1" macroguid="{6E947EF0-1C11-41B8-BFBA-4DBD08983928}"/>
      <assignment original="false" backup="false" contextid="G15" shiftstate="1" macroguid="{49FF7B31-BA1F-460A-AED1-54AB2F2761C4}"/>
      <assignment original="false" backup="false" contextid="G23" shiftstate="1" macroguid="{F1DD7D8D-AD77-4381-A11A-BC0F807660DD}"/>
      <assignment original="false" backup="false" contextid="G22" shiftstate="1" macroguid="{A8A6D203-59E2-4761-B832-3CCF1C105074}"/>
      <assignment original="false" backup="false" contextid="G24" shiftstate="1" macroguid="{6A0E7059-A2B9-45B2-B1C8-9C45B1D0A6EF}"/>
      <assignment original="false" backup="false" contextid="G6" shiftstate="1" macroguid="{7DDC37C0-2544-44B8-9E46-DE66E874C9C7}"/>
      <assignment original="false" backup="false" contextid="G25" shiftstate="1" macroguid="{0C84D63F-46CD-486D-B47E-AE4F68488925}"/>
      <assignment original="false" backup="false" contextid="G20" shiftstate="1" macroguid="{25C1B01F-D0BA-434B-8A7E-1FBF397766D1}"/>
      <assignment original="false" backup="false" contextid="G7" shiftstate="1" macroguid="{E9811539-E5B4-4895-B401-6DE9AE321763}"/>
      <assignment original="false" backup="false" contextid="G14" shiftstate="1" macroguid="{F1DDE461-5B9E-4A2B-876B-97C64D7377D2}"/>
      <assignment original="false" backup="false" contextid="G1" shiftstate="1" macroguid="{11A079B2-3CA5-415E-945F-08EBE33E8796}"/>
      <assignment original="false" backup="false" contextid="G10" shiftstate="1" macroguid="{89816E4D-E41B-4C70-9C5B-1253825E6821}"/>
      <assignment original="false" backup="false" contextid="G12" shiftstate="1" macroguid="{F09C06B1-6B65-4EF7-A3BC-B17E3E84769C}"/>
      <assignment original="false" backup="false" contextid="G19" shiftstate="1" macroguid="{E32B660A-F9DD-4298-8EDA-12C170A676FF}"/>
      <assignment original="false" backup="false" contextid="G2" shiftstate="1" macroguid="{FF45EC4D-CDFE-4F48-B023-C22111C25A31}"/>
      <assignment original="false" backup="false" contextid="G16" shiftstate="1" macroguid="{67E52E05-678D-4B04-A492-2A67F609A174}"/>
      <assignment original="false" backup="false" contextid="G21" shiftstate="1" macroguid="{181C28F7-0B15-4A76-8263-A865DBF966A8}"/>
      <assignment original="false" backup="false" contextid="G17" shiftstate="1" macroguid="{16FD6F01-70B7-4E31-A05E-458622DE6AFF}"/>
      <assignment original="false" backup="false" contextid="G18" shiftstate="1" macroguid="{1D1E08E6-0DAB-42D3-8A14-D72DBA515039}"/>
      <assignment original="false" backup="false" contextid="G3" shiftstate="1" macroguid="{BD5ACCA8-3469-4BB4-8549-6CA474193F3A}"/>
      <assignment original="false" backup="false" contextid="G8" shiftstate="1" macroguid="{712D3458-DE4E-4CD1-B246-030FA30E7BF2}"/>
    </assignments>
    <assignments devicecategory="Logitech.Gaming.Mouse.G9">
      <assignment original="false" backup="false" contextid="Button1" shiftstate="1" macroguid="{29E2DEFE-B057-449A-B57F-21105AE2AA48}"/>
      <assignment original="false" backup="false" contextid="Button2" shiftstate="1" macroguid="{A2DE582D-D851-40F9-9AD0-3FBF600F013F}"/>
      <assignment original="false" backup="false" contextid="Button3" shiftstate="1" macroguid="{D4506B81-9363-4AC3-85E6-7666B50B209D}"/>
      <assignment original="false" backup="false" contextid="Button7" shiftstate="1" macroguid="{B85A4FE2-C01F-4797-B6C1-8CAA9DE73477}"/>
      <assignment original="false" backup="false" contextid="Button8" shiftstate="1" macroguid="{7CAC164A-5CBB-4FA5-AD99-D6A5F0C8198A}"/>
      <assignment original="false" backup="false" contextid="Button9" shiftstate="1" macroguid="{DEB8132C-4DDB-4751-A14D-252437DECF16}"/>
      <assignment original="false" backup="false" contextid="Button10" shiftstate="1" macroguid="{3CD758BA-1BFD-4C59-AAC1-0CA25F9D0BAB}"/>
      <assignment original="false" backup="false" contextid="Button5" shiftstate="1" macroguid="{EA0B25E6-A8E1-46C9-8A74-09F4C726D440}"/>
      <assignment original="false" backup="false" contextid="Button4" shiftstate="1" macroguid="{8597A2DA-FA33-4E91-8847-01F5DAF97CD8}"/>
    </assignments>
    <pointers>
      <pointer devicemodel="Logitech.Gaming.Mouse.G9XCOD">
        <mode shiftstate="1">
          <reportrate rate="500"/>
          <powermode value="2"/>
          <dpitable defaultindex="1" shiftindex="1" syncxy="1">
            <dpi x="400" y="400" enabled="1"/>
            <dpi x="800" y="800" enabled="1"/>
            <dpi x="1600" y="1600" enabled="1"/>
            <dpi x="3200" y="3200" enabled="1"/>
          </dpitable>
          <movement speed="-1" acceleration="1"/>
        </mode>
      </pointer>
    </pointers>
    <backlight devicemodel="Logitech.Gaming.Mouse.G9XCOD">
      <mode shiftstate="1" color="#00ff00"/>
      <mode shiftstate="2" color="#00ff00"/>
      <mode shiftstate="3" color="#00ff00"/>
    </backlight>
    <backlight devicemodel="Logitech.Gaming.LeftHandedController.G13">
      <mode shiftstate="1" color="#000000"/>
      <mode shiftstate="2" color="#5aff6e"/>
      <mode shiftstate="3" color="#5aff6e"/>
    </backlight>
    <script>function OnEvent(event, arg)
    OutputLogMessage("event = %s, arg = %s\n", event, arg)
end</script>
  </profile>
</profiles>
