<?xml version="1.0" encoding="utf-8"?>
<profiles xmlns="http://www.logitech.com/Cassandra/2010.7/Profile">
  <profile guid="{E1AA5C3C-D7D4-47E0-9800-4879BCABB7DD}" lastplayeddate="2017-07-01T15:29:05" gpasupported="0" launchable="1" gameid="" gkeysdk="0" lock="0" name="Warmaher End Times Vermentide">
    <description></description>
    <target path="D:\SteamLibrary\SteamApps\common\Warhammer End Times Vermintide\binaries\vermintide.exe"/>
    <signature value="" key="" executable="" name=""/>
    <macros>
      <macro guid="{5DAFA657-7E0B-4D37-9F7A-FA252ED551E6}" hidden="false" color="4278246655" original="true" name="Left Click">
        <mousefunction xmlns="http://www.logitech.com/Cassandra/2010.1/Macros/MouseFunction">
          <do task="leftclick"/>
        </mousefunction>
      </macro>
      <macro guid="{9D0F4485-F6CE-49AF-B3FB-328DBF996F1E}" hidden="false" color="4278246655" original="true" name="Right Click">
        <mousefunction xmlns="http://www.logitech.com/Cassandra/2010.1/Macros/MouseFunction">
          <do task="rightclick"/>
        </mousefunction>
      </macro>
      <macro guid="{8B615B23-6FDC-4430-9E57-E5CCBCAC4575}" hidden="false" color="4278246655" original="true" name="Middle Click">
        <mousefunction xmlns="http://www.logitech.com/Cassandra/2010.1/Macros/MouseFunction">
          <do task="middleclick"/>
        </mousefunction>
      </macro>
      <macro guid="{A0D817F6-1D5D-483B-ADD0-2634CD93D42A}" hidden="false" color="4278246655" original="true" name="Back">
        <mousefunction xmlns="http://www.logitech.com/Cassandra/2010.1/Macros/MouseFunction">
          <do task="back"/>
        </mousefunction>
      </macro>
      <macro guid="{8B13562D-60F2-460F-9588-8C84168C81BC}" hidden="false" color="4278246655" original="true" name="Forward">
        <mousefunction xmlns="http://www.logitech.com/Cassandra/2010.1/Macros/MouseFunction">
          <do task="forward"/>
        </mousefunction>
      </macro>
      <macro devicecategory="Logitech.Gaming.Mouse" guid="{68A1C0B2-2996-4992-9CC5-3285AC8E9740}" hidden="false" color="4278246655" original="true" name="DPI Up">
        <mousefunction xmlns="http://www.logitech.com/Cassandra/2010.1/Macros/MouseFunction">
          <do task="dpiup"/>
        </mousefunction>
      </macro>
      <macro devicecategory="Logitech.Gaming.Mouse" guid="{12C9716B-4D7A-4F6F-AF20-A0369219119A}" hidden="false" color="4278246655" original="true" name="DPI Down">
        <mousefunction xmlns="http://www.logitech.com/Cassandra/2010.1/Macros/MouseFunction">
          <do task="dpidown"/>
        </mousefunction>
      </macro>
      <macro devicecategory="Logitech.Gaming.Mouse" guid="{89F0C712-9AF7-4099-9C53-1868BF5B9A4E}" hidden="false" color="4278246655" original="true" name="Default DPI">
        <mousefunction xmlns="http://www.logitech.com/Cassandra/2010.1/Macros/MouseFunction">
          <do task="defaultdpi"/>
        </mousefunction>
      </macro>
      <macro devicecategory="Logitech.Gaming.Mouse.G300" guid="{53E81537-5916-4AB3-B052-ABF88B5DD218}" hidden="false" color="4278246655" original="true" name="Mode Switch (G300/s)">
        <mousefunction xmlns="http://www.logitech.com/Cassandra/2010.1/Macros/MouseFunction">
          <do task="modeswitch"/>
        </mousefunction>
      </macro>
      <macro devicecategory="Logitech.Gaming.Mouse" guid="{A1FEC5BC-9A8A-49C5-B085-0E2EDCEF1F55}" hidden="false" color="4278246655" original="true" name="DPI Shift">
        <mousefunction xmlns="http://www.logitech.com/Cassandra/2010.1/Macros/MouseFunction">
          <do task="dpishift"/>
        </mousefunction>
      </macro>
      <macro devicecategory="Logitech.Gaming.Mouse" guid="{28F1F32A-678A-4CD8-A0F4-41283A737EFC}" hidden="false" color="4278246655" original="true" name="DPI Cycling">
        <mousefunction xmlns="http://www.logitech.com/Cassandra/2010.1/Macros/MouseFunction">
          <do task="dpicycling"/>
        </mousefunction>
      </macro>
      <macro guid="{D5AC487F-B970-4F70-9B59-6EC8A53684A4}" hidden="true" color="4278246655" original="true" name="F1">
        <natural xmlns="http://www.logitech.com/Cassandra/2010.1/Macros/Natural"/>
      </macro>
      <macro guid="{015CB0BB-B7EB-4A20-BFFD-8825E388F894}" hidden="true" color="4278246655" original="true" name="F2">
        <natural xmlns="http://www.logitech.com/Cassandra/2010.1/Macros/Natural"/>
      </macro>
      <macro guid="{7A014AFE-618E-43D6-B296-D61483211066}" hidden="true" color="4278246655" original="true" name="F3">
        <natural xmlns="http://www.logitech.com/Cassandra/2010.1/Macros/Natural"/>
      </macro>
      <macro guid="{DA05951F-18ED-44E6-9BA6-E08937AA880B}" hidden="true" color="4278246655" original="true" name="F4">
        <natural xmlns="http://www.logitech.com/Cassandra/2010.1/Macros/Natural"/>
      </macro>
      <macro guid="{4A68DBDE-D3B9-4E9E-A6D9-28EF552BE9DD}" hidden="true" color="4278246655" original="true" name="F5">
        <natural xmlns="http://www.logitech.com/Cassandra/2010.1/Macros/Natural"/>
      </macro>
      <macro guid="{1F2CC23B-86C8-4FBA-B4CE-9F025459FAE4}" hidden="true" color="4278246655" original="true" name="F6">
        <natural xmlns="http://www.logitech.com/Cassandra/2010.1/Macros/Natural"/>
      </macro>
      <macro guid="{9E4F6006-03FB-44AC-85CF-14A74BA0C126}" hidden="true" color="4278246655" original="true" name="F7">
        <natural xmlns="http://www.logitech.com/Cassandra/2010.1/Macros/Natural"/>
      </macro>
      <macro guid="{3D087F0F-971C-4E23-860B-ACE762C96CC4}" hidden="true" color="4278246655" original="true" name="F8">
        <natural xmlns="http://www.logitech.com/Cassandra/2010.1/Macros/Natural"/>
      </macro>
      <macro guid="{E8744FC0-9710-45E8-A427-7BA80359FE68}" hidden="true" color="4278246655" original="true" name="F9">
        <natural xmlns="http://www.logitech.com/Cassandra/2010.1/Macros/Natural"/>
      </macro>
      <macro guid="{D5A173BE-C5B3-4C75-89CE-162E33876F5B}" hidden="true" color="4278246655" original="true" name="F10">
        <natural xmlns="http://www.logitech.com/Cassandra/2010.1/Macros/Natural"/>
      </macro>
      <macro guid="{E29676E8-DC26-4518-A319-952C4A3D3D35}" hidden="true" color="4278246655" original="true" name="F11">
        <natural xmlns="http://www.logitech.com/Cassandra/2010.1/Macros/Natural"/>
      </macro>
      <macro guid="{7016AAD1-1A1C-4301-9441-1DB8A854E81E}" hidden="true" color="4278246655" original="true" name="F12">
        <natural xmlns="http://www.logitech.com/Cassandra/2010.1/Macros/Natural"/>
      </macro>
      <macro guid="{04EBAAD5-60D5-4283-AFF9-37998A86089C}" hidden="true" color="4278246655" original="true" name="Next Track">
        <media xmlns="http://www.logitech.com/Cassandra/2010.1/Macros/Media">
          <do task="nexttrack"/>
        </media>
      </macro>
      <macro guid="{B815E8F7-C0F1-411E-A0CE-E8492EEBFFBC}" hidden="true" color="4278246655" original="true" name="Play/Pause">
        <media xmlns="http://www.logitech.com/Cassandra/2010.1/Macros/Media">
          <do task="playpause"/>
        </media>
      </macro>
      <macro guid="{7C5866F5-B331-47C4-AF96-F9A6F295D476}" hidden="true" color="4278246655" original="true" name="Previous Track">
        <media xmlns="http://www.logitech.com/Cassandra/2010.1/Macros/Media">
          <do task="previoustrack"/>
        </media>
      </macro>
      <macro guid="{D9ED5310-3F5A-42C8-803C-32CF24C0A3CE}" hidden="false" color="4278246655" name="forward">
        <keystroke xmlns="http://www.logitech.com/Cassandra/2010.1/Macros/Keystroke">
          <key value="W"/>
        </keystroke>
      </macro>
      <macro guid="{C8FB19D6-9DF7-4834-AE9C-0D3740D250B5}" hidden="false" color="4278246655" backupguid="{D9ED5310-3F5A-42C8-803C-32CF24C0A3CE}" name="W">
        <keystroke xmlns="http://www.logitech.com/Cassandra/2010.1/Macros/Keystroke">
          <key value="W"/>
        </keystroke>
      </macro>
      <macro guid="{719E14B7-92C8-4231-AD72-C30450EBFC10}" hidden="false" color="4278246655" name="back">
        <keystroke xmlns="http://www.logitech.com/Cassandra/2010.1/Macros/Keystroke">
          <key value="S"/>
        </keystroke>
      </macro>
      <macro guid="{FBCF3169-D5B8-45FF-965E-75862E4BAD9D}" hidden="false" color="4278246655" backupguid="{719E14B7-92C8-4231-AD72-C30450EBFC10}" name="S">
        <keystroke xmlns="http://www.logitech.com/Cassandra/2010.1/Macros/Keystroke">
          <key value="S"/>
        </keystroke>
      </macro>
      <macro guid="{63BE7C7A-4937-4CC4-89A1-EA58900D686A}" hidden="false" color="4278246655" name="left">
        <keystroke xmlns="http://www.logitech.com/Cassandra/2010.1/Macros/Keystroke">
          <key value="A"/>
        </keystroke>
      </macro>
      <macro guid="{A5E9305A-91C1-4E03-83C4-8DFD88BA740E}" hidden="false" color="4278246655" backupguid="{63BE7C7A-4937-4CC4-89A1-EA58900D686A}" name="A">
        <keystroke xmlns="http://www.logitech.com/Cassandra/2010.1/Macros/Keystroke">
          <key value="A"/>
        </keystroke>
      </macro>
      <macro guid="{438FEFE1-A4AC-40C2-9247-B31379391066}" hidden="false" color="4278246655" name="right">
        <keystroke xmlns="http://www.logitech.com/Cassandra/2010.1/Macros/Keystroke">
          <key value="D"/>
        </keystroke>
      </macro>
      <macro guid="{BD80F881-4F15-44AF-8263-A0E517CEC753}" hidden="false" color="4278246655" backupguid="{438FEFE1-A4AC-40C2-9247-B31379391066}" name="D">
        <keystroke xmlns="http://www.logitech.com/Cassandra/2010.1/Macros/Keystroke">
          <key value="D"/>
        </keystroke>
      </macro>
      <macro guid="{012C64E4-210B-4199-97BC-F051CE3488E6}" hidden="false" color="4278246655" name="Jump">
        <keystroke xmlns="http://www.logitech.com/Cassandra/2010.1/Macros/Keystroke">
          <key value="SPACEBAR"/>
        </keystroke>
      </macro>
      <macro guid="{3AB9F045-847D-4557-B02F-3231F915A909}" hidden="false" color="4278246655" backupguid="{012C64E4-210B-4199-97BC-F051CE3488E6}" name="SPACEBAR">
        <keystroke xmlns="http://www.logitech.com/Cassandra/2010.1/Macros/Keystroke">
          <key value="SPACEBAR"/>
        </keystroke>
      </macro>
      <macro guid="{6631B94C-725B-4541-B7FD-E0FEDA3156F3}" hidden="false" color="4278246655" name="Crouch">
        <keystroke xmlns="http://www.logitech.com/Cassandra/2010.1/Macros/Keystroke">
          <key value="LCTRL"/>
        </keystroke>
      </macro>
      <macro guid="{01E5D2D3-D130-4761-8A6F-B5290926D13E}" hidden="false" color="4278246655" backupguid="{6631B94C-725B-4541-B7FD-E0FEDA3156F3}" name="LCTRL">
        <keystroke xmlns="http://www.logitech.com/Cassandra/2010.1/Macros/Keystroke">
          <key value="LCTRL"/>
        </keystroke>
      </macro>
      <macro guid="{93F34A3F-7081-4D53-A99D-E858D4D86800}" hidden="false" color="4278246655" name="Joystick">
        <joystick xmlns="http://www.logitech.com/Cassandra/2010.1/Macros/Joystick"/>
      </macro>
      <macro guid="{35060C60-D9F5-4F61-B7F0-351005026E00}" hidden="false" color="4278246655" name="Use">
        <keystroke xmlns="http://www.logitech.com/Cassandra/2010.1/Macros/Keystroke">
          <key value="E"/>
        </keystroke>
      </macro>
      <macro guid="{7A7CE8E1-7433-4425-BD30-A964395CC991}" hidden="false" color="4278246655" backupguid="{35060C60-D9F5-4F61-B7F0-351005026E00}" name="E">
        <keystroke xmlns="http://www.logitech.com/Cassandra/2010.1/Macros/Keystroke">
          <key value="E"/>
        </keystroke>
      </macro>
      <macro guid="{CEBC90AE-8677-4F05-BA4F-A8436AC9EAB6}" hidden="false" color="4278246655" name="Reload">
        <keystroke xmlns="http://www.logitech.com/Cassandra/2010.1/Macros/Keystroke">
          <key value="R"/>
        </keystroke>
      </macro>
      <macro guid="{1B226369-FAAB-41EC-9B7F-CFC0B1516C65}" hidden="false" color="4278246655" backupguid="{CEBC90AE-8677-4F05-BA4F-A8436AC9EAB6}" name="R">
        <keystroke xmlns="http://www.logitech.com/Cassandra/2010.1/Macros/Keystroke">
          <key value="R"/>
        </keystroke>
      </macro>
      <macro guid="{E2E7DA09-85D7-4FC5-97E5-D6AFA670C6FB}" hidden="false" color="4278246655" backupguid="{0E5FBC48-AEF2-4D47-AB9A-52FF8DE7A581}" name="1">
        <keystroke xmlns="http://www.logitech.com/Cassandra/2010.1/Macros/Keystroke">
          <key value="1"/>
        </keystroke>
      </macro>
      <macro guid="{0E5FBC48-AEF2-4D47-AB9A-52FF8DE7A581}" hidden="false" color="4278246655" name="Melee Weapon">
        <keystroke xmlns="http://www.logitech.com/Cassandra/2010.1/Macros/Keystroke">
          <key value="1"/>
        </keystroke>
      </macro>
      <macro guid="{244636E5-5C47-4982-8A76-E216A920F49F}" hidden="false" color="4278246655" name="Ranged Weapon">
        <keystroke xmlns="http://www.logitech.com/Cassandra/2010.1/Macros/Keystroke">
          <key value="2"/>
        </keystroke>
      </macro>
      <macro guid="{8BA16491-170F-4F97-81A4-74A6962A2098}" hidden="false" color="4278246655" backupguid="{244636E5-5C47-4982-8A76-E216A920F49F}" name="2">
        <keystroke xmlns="http://www.logitech.com/Cassandra/2010.1/Macros/Keystroke">
          <key value="2"/>
        </keystroke>
      </macro>
      <macro guid="{7C5CEB62-4CC5-425F-A442-8ADB5C713D73}" hidden="false" color="4278246655" name="Health Item">
        <keystroke xmlns="http://www.logitech.com/Cassandra/2010.1/Macros/Keystroke">
          <key value="3"/>
        </keystroke>
      </macro>
      <macro guid="{84F2EA21-BF57-49DD-88A5-20173E0F002E}" hidden="false" color="4278246655" backupguid="{7C5CEB62-4CC5-425F-A442-8ADB5C713D73}" name="3">
        <keystroke xmlns="http://www.logitech.com/Cassandra/2010.1/Macros/Keystroke">
          <key value="3"/>
        </keystroke>
      </macro>
      <macro guid="{585D6928-6DA4-4865-A4CD-6E6A40687F75}" hidden="false" color="4278246655" name="Potion">
        <keystroke xmlns="http://www.logitech.com/Cassandra/2010.1/Macros/Keystroke">
          <key value="4"/>
        </keystroke>
      </macro>
      <macro guid="{7587A4AE-DE1B-46B9-B7EC-1215A95706C4}" hidden="false" color="4278246655" backupguid="{585D6928-6DA4-4865-A4CD-6E6A40687F75}" name="4">
        <keystroke xmlns="http://www.logitech.com/Cassandra/2010.1/Macros/Keystroke">
          <key value="4"/>
        </keystroke>
      </macro>
      <macro guid="{793AC04D-F6DB-4E47-8D93-068B95FD54E3}" hidden="false" color="4278246655" name="Grenade">
        <keystroke xmlns="http://www.logitech.com/Cassandra/2010.1/Macros/Keystroke">
          <key value="5"/>
        </keystroke>
      </macro>
      <macro guid="{685FF9B6-F7C8-4F43-92EF-807CC6A24FBF}" hidden="false" color="4278246655" backupguid="{793AC04D-F6DB-4E47-8D93-068B95FD54E3}" name="5">
        <keystroke xmlns="http://www.logitech.com/Cassandra/2010.1/Macros/Keystroke">
          <key value="5"/>
        </keystroke>
      </macro>
      <macro guid="{088F6952-C5AF-4CD9-8596-C1744B12501F}" hidden="false" color="4278246655" name="Quick swap">
        <keystroke xmlns="http://www.logitech.com/Cassandra/2010.1/Macros/Keystroke">
          <key value="Q"/>
        </keystroke>
      </macro>
      <macro guid="{26553BE3-0E87-4AE5-ACF1-6135B40EAAB8}" hidden="false" color="4278246655" backupguid="{088F6952-C5AF-4CD9-8596-C1744B12501F}" name="Q">
        <keystroke xmlns="http://www.logitech.com/Cassandra/2010.1/Macros/Keystroke">
          <key value="Q"/>
        </keystroke>
      </macro>
      <macro guid="{AEB183E0-9019-4392-896B-4DAC8330FA67}" hidden="false" color="4278246655" name="Inspect character">
        <keystroke xmlns="http://www.logitech.com/Cassandra/2010.1/Macros/Keystroke">
          <key value="X"/>
        </keystroke>
      </macro>
      <macro guid="{C10692D6-95AE-42C1-9CE6-302DCA4E0222}" hidden="false" color="4278246655" backupguid="{AEB183E0-9019-4392-896B-4DAC8330FA67}" name="X">
        <keystroke xmlns="http://www.logitech.com/Cassandra/2010.1/Macros/Keystroke">
          <key value="X"/>
        </keystroke>
      </macro>
      <macro guid="{474C3E34-3395-4059-93C8-3D4076673135}" hidden="false" color="4278246655" name="Inspect Weapon">
        <keystroke xmlns="http://www.logitech.com/Cassandra/2010.1/Macros/Keystroke">
          <key value="Z"/>
        </keystroke>
      </macro>
      <macro guid="{05049329-BE1D-44A1-A873-D82089CCCCE1}" hidden="false" color="4278246655" backupguid="{474C3E34-3395-4059-93C8-3D4076673135}" name="Z">
        <keystroke xmlns="http://www.logitech.com/Cassandra/2010.1/Macros/Keystroke">
          <key value="Z"/>
        </keystroke>
      </macro>
      <macro guid="{C76A7B08-F7A1-4CB1-A05B-F376B76FEB3C}" hidden="false" color="4278246655" name="Map">
        <keystroke xmlns="http://www.logitech.com/Cassandra/2010.1/Macros/Keystroke">
          <key value="M"/>
        </keystroke>
      </macro>
      <macro guid="{A8F6BB4C-7C9A-4595-8BCB-A60F947521D4}" hidden="false" color="4278246655" backupguid="{C76A7B08-F7A1-4CB1-A05B-F376B76FEB3C}" name="G">
        <keystroke xmlns="http://www.logitech.com/Cassandra/2010.1/Macros/Keystroke">
          <key value="G"/>
        </keystroke>
      </macro>
      <macro guid="{071EDCD1-6DF3-45E9-9F56-BD1BDC54807E}" hidden="false" color="4278246655" name="Inventory">
        <keystroke xmlns="http://www.logitech.com/Cassandra/2010.1/Macros/Keystroke">
          <key value="I"/>
        </keystroke>
      </macro>
      <macro guid="{053C4FB8-E85A-4993-9C29-6E504C75DB2F}" hidden="false" color="4278246655" name="Forge">
        <keystroke xmlns="http://www.logitech.com/Cassandra/2010.1/Macros/Keystroke">
          <key value="F"/>
        </keystroke>
      </macro>
      <macro guid="{7F0C7BEA-BE56-4CF8-AEE7-EBF1740B4DCE}" hidden="false" color="4278246655" backupguid="{053C4FB8-E85A-4993-9C29-6E504C75DB2F}" name="F">
        <keystroke xmlns="http://www.logitech.com/Cassandra/2010.1/Macros/Keystroke">
          <key value="F"/>
        </keystroke>
      </macro>
      <macro guid="{93ECFD56-95ED-4B57-A385-8CF72DB5F6B6}" hidden="false" color="4278246655" name="Lobby Browser">
        <keystroke xmlns="http://www.logitech.com/Cassandra/2010.1/Macros/Keystroke">
          <key value="L"/>
        </keystroke>
      </macro>
      <macro guid="{007D7C1F-2831-47E5-80B6-24A260EB947C}" hidden="false" color="4278246655" backupguid="{93ECFD56-95ED-4B57-A385-8CF72DB5F6B6}" name="LALT">
        <keystroke xmlns="http://www.logitech.com/Cassandra/2010.1/Macros/Keystroke">
          <key value="LALT"/>
        </keystroke>
      </macro>
      <macro guid="{FA55D2A3-9611-4B9A-8705-17C74B82FB64}" hidden="false" color="4278246655" name="Vote yes">
        <keystroke xmlns="http://www.logitech.com/Cassandra/2010.1/Macros/Keystroke">
          <key value="F5"/>
        </keystroke>
      </macro>
      <macro guid="{53DCAB9F-BBCB-466D-9B7E-BD39DEAC1FF1}" hidden="false" color="4278246655" backupguid="{FA55D2A3-9611-4B9A-8705-17C74B82FB64}" name="F5">
        <keystroke xmlns="http://www.logitech.com/Cassandra/2010.1/Macros/Keystroke">
          <key value="F5"/>
        </keystroke>
      </macro>
      <macro guid="{035A0274-52FD-4530-A7B9-EB66B6BEB647}" hidden="false" color="4278246655" name="Vote No">
        <keystroke xmlns="http://www.logitech.com/Cassandra/2010.1/Macros/Keystroke">
          <key value="F6"/>
        </keystroke>
      </macro>
      <macro guid="{0B24642E-9C29-42DB-94EC-62C5A919FA7B}" hidden="false" color="4278246655" backupguid="{035A0274-52FD-4530-A7B9-EB66B6BEB647}" name="F6">
        <keystroke xmlns="http://www.logitech.com/Cassandra/2010.1/Macros/Keystroke">
          <key value="F6"/>
        </keystroke>
      </macro>
      <macro guid="{D27BCCFD-5CB5-477E-A855-0B42D68410B5}" hidden="false" color="4278246655" backupguid="{2F5C8F56-C184-4143-8852-2EB924626DCC}" name="Cut">
        <hotkeys xmlns="http://www.logitech.com/Cassandra/2010.1/Macros/Hotkeys">
          <do task="cut"/>
        </hotkeys>
      </macro>
      <macro guid="{E6DFD3A8-A49B-4637-BFE2-893608D93019}" hidden="false" color="4278246655" backupguid="{F7899D9E-8B25-45CB-B4BC-AAF99E4C87D4}" name="Copy">
        <hotkeys xmlns="http://www.logitech.com/Cassandra/2010.1/Macros/Hotkeys">
          <do task="copy"/>
        </hotkeys>
      </macro>
      <macro guid="{56730D9D-EC55-4816-B815-8BD80C7386C2}" hidden="false" color="4278246655" name="Shrine of Solace">
        <keystroke xmlns="http://www.logitech.com/Cassandra/2010.1/Macros/Keystroke">
          <key value="H"/>
        </keystroke>
      </macro>
      <macro guid="{B974092E-5E38-4974-9C22-1DB91FE9C39D}" hidden="false" color="4278246655" name="Quests and Contracts">
        <keystroke xmlns="http://www.logitech.com/Cassandra/2010.1/Macros/Keystroke">
          <key value="U"/>
        </keystroke>
      </macro>
      <macro guid="{1ED530F3-5A13-4EB1-800C-DF0D6873ED88}" hidden="false" color="4278246655" name="Matchmaking ready">
        <keystroke xmlns="http://www.logitech.com/Cassandra/2010.1/Macros/Keystroke">
          <key value="F2"/>
        </keystroke>
      </macro>
      <macro guid="{D7EFCFDC-AD71-4D7D-A3A0-1D47E7158E5B}" hidden="false" color="4278246655" backupguid="{1ED530F3-5A13-4EB1-800C-DF0D6873ED88}" name="F2">
        <keystroke xmlns="http://www.logitech.com/Cassandra/2010.1/Macros/Keystroke">
          <key value="F2"/>
        </keystroke>
      </macro>
      <macro guid="{81C49F8C-8A1F-4AA1-ACE9-65FCF26BA9F3}" hidden="false" color="4278246655" backupguid="{B06BEC6C-12A7-4F2A-AC97-BBF7B7EDF353}" name="F3">
        <keystroke xmlns="http://www.logitech.com/Cassandra/2010.1/Macros/Keystroke">
          <key value="F3"/>
        </keystroke>
      </macro>
      <macro guid="{002D4039-63A2-4FFB-B9A6-4F2337042B54}" hidden="false" color="4278246655" name="Cancel Matchmaking">
        <keystroke xmlns="http://www.logitech.com/Cassandra/2010.1/Macros/Keystroke">
          <key value="F10"/>
        </keystroke>
      </macro>
      <macro guid="{F7BAF12F-0F91-4332-A103-C34A8DC0E2D6}" hidden="false" color="4278246655" backupguid="{002D4039-63A2-4FFB-B9A6-4F2337042B54}" name="F10">
        <keystroke xmlns="http://www.logitech.com/Cassandra/2010.1/Macros/Keystroke">
          <key value="F10"/>
        </keystroke>
      </macro>
      <macro guid="{EC425E73-E633-4E90-A661-8EE05B0EAA64}" hidden="false" color="4278246655" name="Player list">
        <keystroke xmlns="http://www.logitech.com/Cassandra/2010.1/Macros/Keystroke">
          <key value="TAB"/>
        </keystroke>
      </macro>
      <macro guid="{CB1ED514-653F-4BF8-8F34-5EA23418DA4B}" hidden="false" color="4278246655" name="Esc">
        <keystroke xmlns="http://www.logitech.com/Cassandra/2010.1/Macros/Keystroke">
          <key value="ESCAPE"/>
        </keystroke>
      </macro>
      <macro guid="{A785B831-037A-4C93-B14E-2C0D498EF35E}" hidden="false" color="4278246655" name="Scroll Left">
        <mousefunction xmlns="http://www.logitech.com/Cassandra/2010.1/Macros/MouseFunction">
          <do task="scrollleft"/>
        </mousefunction>
      </macro>
      <macro guid="{15E7981E-54C7-40C1-B2EA-7F37FC31117E}" hidden="false" color="4278246655" name="Scroll Right">
        <mousefunction xmlns="http://www.logitech.com/Cassandra/2010.1/Macros/MouseFunction">
          <do task="scrollright"/>
        </mousefunction>
      </macro>
      <macro guid="{07CCF619-FF7F-4300-AEDE-FE94ADB35CA3}" hidden="false" color="4278246655" backupguid="{33F8DE88-FEAC-42ED-BA8A-3C4755FA6D67}" name="V">
        <keystroke xmlns="http://www.logitech.com/Cassandra/2010.1/Macros/Keystroke">
          <key value="V"/>
        </keystroke>
      </macro>
      <macro guid="{51271172-BE4E-4651-9801-F6D32696E4E2}" hidden="false" color="4278246655" backupguid="{0BD1FF8D-B460-46A4-9866-EAFB2ECF3617}" name="C">
        <keystroke xmlns="http://www.logitech.com/Cassandra/2010.1/Macros/Keystroke">
          <key value="C"/>
        </keystroke>
      </macro>
      <macro guid="{8E171CAB-451A-4395-A8A6-5F4973049DAA}" hidden="false" color="4278246655" backupguid="{FF54FEB5-843F-465A-B8BA-9CAA2C4B70B9}" name="F1">
        <keystroke xmlns="http://www.logitech.com/Cassandra/2010.1/Macros/Keystroke">
          <key value="F1"/>
        </keystroke>
      </macro>
      <macro guid="{38F777A3-4329-42CF-AF59-C9AE7721C6D8}" hidden="false" color="4278246655" backupguid="{E432B456-E65C-4009-9115-FFF884011BEF}" name="F11">
        <keystroke xmlns="http://www.logitech.com/Cassandra/2010.1/Macros/Keystroke">
          <key value="F11"/>
        </keystroke>
      </macro>
      <macro guid="{F0440434-4222-4D08-9096-D913A5E0C901}" hidden="false" color="4278246655" backupguid="{A36371DC-A978-440E-85B5-336C2AFCA14F}" name="F12">
        <keystroke xmlns="http://www.logitech.com/Cassandra/2010.1/Macros/Keystroke">
          <key value="F12"/>
        </keystroke>
      </macro>
      <macro guid="{327054B1-287F-4509-BEE9-486B2C4DD71C}" hidden="false" color="4278246655" backupguid="{33BDD50A-3E5C-4EE3-A440-91C2A94230CB}" name="F4">
        <keystroke xmlns="http://www.logitech.com/Cassandra/2010.1/Macros/Keystroke">
          <key value="F4"/>
        </keystroke>
      </macro>
      <macro guid="{11248CD5-2DAA-4CA6-BF4E-97D62AF1ECA7}" hidden="false" color="4278246655" backupguid="{2FDFE890-93C0-4BDB-851B-03D0E06337C1}" name="F7">
        <keystroke xmlns="http://www.logitech.com/Cassandra/2010.1/Macros/Keystroke">
          <key value="F7"/>
        </keystroke>
      </macro>
      <macro guid="{8206F48A-CC85-426C-8015-D7E810C2AE8E}" hidden="false" color="4278246655" backupguid="{23A95548-5C2F-423A-A76C-0A341F636BF5}" name="F8">
        <keystroke xmlns="http://www.logitech.com/Cassandra/2010.1/Macros/Keystroke">
          <key value="F8"/>
        </keystroke>
      </macro>
      <macro guid="{7FA56017-0748-4281-A0B6-3425FC2790B0}" hidden="false" color="4278246655" backupguid="{A83EA296-1C6B-4523-996A-69D7830524CD}" name="F9">
        <keystroke xmlns="http://www.logitech.com/Cassandra/2010.1/Macros/Keystroke">
          <key value="F9"/>
        </keystroke>
      </macro>
      <macro guid="{1F855F64-1ED8-4064-A13D-6DAB934D95FC}" hidden="false" color="4278246655" backupguid="{B6A5C255-A379-498D-AAD9-290F1EB43B98}" name="LSHIFT">
        <keystroke xmlns="http://www.logitech.com/Cassandra/2010.1/Macros/Keystroke">
          <key value="LSHIFT"/>
        </keystroke>
      </macro>
      <macro guid="{3C41DA4A-A384-4EA6-80DB-8610E9AEC7F2}" hidden="false" color="4278246655" backupguid="{5CE81B45-F29A-4B2C-BE27-35A1C951763E}" name="Next Track">
        <media xmlns="http://www.logitech.com/Cassandra/2010.1/Macros/Media">
          <do task="nexttrack"/>
        </media>
      </macro>
      <macro guid="{D3ECB3CD-CA94-4661-B960-77C3924F57A6}" hidden="false" color="4278246655" backupguid="{5638A489-F156-4122-A7DB-E0F880FACC0E}" name="Paste">
        <hotkeys xmlns="http://www.logitech.com/Cassandra/2010.1/Macros/Hotkeys">
          <do task="paste"/>
        </hotkeys>
      </macro>
      <macro guid="{28587341-87C6-411A-88A7-98EE39425A46}" hidden="false" color="4278246655" backupguid="{D867D276-6CB5-42E7-8995-03ADD94E7913}" name="Play/Pause">
        <media xmlns="http://www.logitech.com/Cassandra/2010.1/Macros/Media">
          <do task="playpause"/>
        </media>
      </macro>
      <macro guid="{870E28B8-B903-4E8C-A120-9E8B85E3C452}" hidden="false" color="4278246655" backupguid="{E7F94D4B-BD51-4D51-83FC-9AF4E6C79453}" name="Previous Track">
        <media xmlns="http://www.logitech.com/Cassandra/2010.1/Macros/Media">
          <do task="previoustrack"/>
        </media>
      </macro>
      <macro guid="{5849229B-603E-4D74-90FC-CEB927EF11E7}" hidden="false" color="4278246655" backupguid="{569B3CF7-7D76-4E72-94A3-D8B6DA43C6A2}" name="T">
        <keystroke xmlns="http://www.logitech.com/Cassandra/2010.1/Macros/Keystroke">
          <key value="T"/>
        </keystroke>
      </macro>
      <macro guid="{DA7936FF-0FE3-4B0A-87B2-08062A2F6B44}" hidden="false" color="4278246655" backupguid="{6FDA729B-2DD1-4505-9693-A8D2CC88A956}" name="8">
        <keystroke xmlns="http://www.logitech.com/Cassandra/2010.1/Macros/Keystroke">
          <key value="8"/>
        </keystroke>
      </macro>
      <macro guid="{82A00ADA-B809-44BE-9E48-03B6A8ACD041}" hidden="false" color="4278246655" backupguid="{CB9CC75B-A8ED-444E-8EDB-B28802D714CF}" name="6">
        <keystroke xmlns="http://www.logitech.com/Cassandra/2010.1/Macros/Keystroke">
          <key value="6"/>
        </keystroke>
      </macro>
      <macro guid="{D4308D0A-D58D-41A4-93B1-86F31D027364}" hidden="false" color="4278246655" backupguid="{D0AE6D96-FA68-44C3-9962-F25237E48823}" name="7">
        <keystroke xmlns="http://www.logitech.com/Cassandra/2010.1/Macros/Keystroke">
          <key value="7"/>
        </keystroke>
      </macro>
      <macro guid="{B06BEC6C-12A7-4F2A-AC97-BBF7B7EDF353}" hidden="false" color="4278246655" name="Matchmaking start">
        <keystroke xmlns="http://www.logitech.com/Cassandra/2010.1/Macros/Keystroke">
          <key value="F3"/>
        </keystroke>
      </macro>
    </macros>
    <assignments devicecategory="Logitech.Gaming.Function.Keyboard">
      <assignment shiftstate="1" contextid="G1" macroguid="{D5AC487F-B970-4F70-9B59-6EC8A53684A4}" backup="false" original="true"/>
      <assignment shiftstate="4" contextid="G1" macroguid="{D5AC487F-B970-4F70-9B59-6EC8A53684A4}" backup="false" original="true"/>
      <assignment shiftstate="1" contextid="G2" macroguid="{015CB0BB-B7EB-4A20-BFFD-8825E388F894}" backup="false" original="true"/>
      <assignment shiftstate="4" contextid="G2" macroguid="{015CB0BB-B7EB-4A20-BFFD-8825E388F894}" backup="false" original="true"/>
      <assignment shiftstate="1" contextid="G3" macroguid="{7A014AFE-618E-43D6-B296-D61483211066}" backup="false" original="true"/>
      <assignment shiftstate="4" contextid="G3" macroguid="{7A014AFE-618E-43D6-B296-D61483211066}" backup="false" original="true"/>
      <assignment shiftstate="1" contextid="G4" macroguid="{DA05951F-18ED-44E6-9BA6-E08937AA880B}" backup="false" original="true"/>
      <assignment shiftstate="4" contextid="G4" macroguid="{DA05951F-18ED-44E6-9BA6-E08937AA880B}" backup="false" original="true"/>
      <assignment shiftstate="1" contextid="G5" macroguid="{4A68DBDE-D3B9-4E9E-A6D9-28EF552BE9DD}" backup="false" original="true"/>
      <assignment shiftstate="4" contextid="G5" macroguid="{4A68DBDE-D3B9-4E9E-A6D9-28EF552BE9DD}" backup="false" original="true"/>
      <assignment shiftstate="1" contextid="G6" macroguid="{1F2CC23B-86C8-4FBA-B4CE-9F025459FAE4}" backup="false" original="true"/>
      <assignment shiftstate="4" contextid="G6" macroguid="{1F2CC23B-86C8-4FBA-B4CE-9F025459FAE4}" backup="false" original="true"/>
      <assignment shiftstate="1" contextid="G7" macroguid="{9E4F6006-03FB-44AC-85CF-14A74BA0C126}" backup="false" original="true"/>
      <assignment shiftstate="4" contextid="G7" macroguid="{9E4F6006-03FB-44AC-85CF-14A74BA0C126}" backup="false" original="true"/>
      <assignment shiftstate="1" contextid="G8" macroguid="{3D087F0F-971C-4E23-860B-ACE762C96CC4}" backup="false" original="true"/>
      <assignment shiftstate="4" contextid="G8" macroguid="{3D087F0F-971C-4E23-860B-ACE762C96CC4}" backup="false" original="true"/>
      <assignment shiftstate="1" contextid="G9" macroguid="{E8744FC0-9710-45E8-A427-7BA80359FE68}" backup="false" original="true"/>
      <assignment shiftstate="4" contextid="G9" macroguid="{E8744FC0-9710-45E8-A427-7BA80359FE68}" backup="false" original="true"/>
      <assignment shiftstate="1" contextid="G10" macroguid="{D5A173BE-C5B3-4C75-89CE-162E33876F5B}" backup="false" original="true"/>
      <assignment shiftstate="4" contextid="G10" macroguid="{D5A173BE-C5B3-4C75-89CE-162E33876F5B}" backup="false" original="true"/>
      <assignment shiftstate="1" contextid="G11" macroguid="{E29676E8-DC26-4518-A319-952C4A3D3D35}" backup="false" original="true"/>
      <assignment shiftstate="4" contextid="G11" macroguid="{E29676E8-DC26-4518-A319-952C4A3D3D35}" backup="false" original="true"/>
      <assignment shiftstate="1" contextid="G12" macroguid="{7016AAD1-1A1C-4301-9441-1DB8A854E81E}" backup="false" original="true"/>
      <assignment shiftstate="4" contextid="G12" macroguid="{7016AAD1-1A1C-4301-9441-1DB8A854E81E}" backup="false" original="true"/>
    </assignments>
    <assignments devicecategory="Logitech.Gaming.Headset">
      <assignment shiftstate="1" contextid="G1" macroguid="{5CE81B45-F29A-4B2C-BE27-35A1C951763E}" backup="true" original="false"/>
      <assignment shiftstate="1" contextid="G2" macroguid="{D867D276-6CB5-42E7-8995-03ADD94E7913}" backup="true" original="false"/>
      <assignment shiftstate="1" contextid="G3" macroguid="{E7F94D4B-BD51-4D51-83FC-9AF4E6C79453}" backup="true" original="false"/>
    </assignments>
    <assignments devicecategory="Logitech.Gaming.Keyboard">
      <assignment shiftstate="1" contextid="G1" macroguid="{FF54FEB5-843F-465A-B8BA-9CAA2C4B70B9}" backup="true" original="false"/>
      <assignment shiftstate="2" contextid="G1" macroguid="{FF54FEB5-843F-465A-B8BA-9CAA2C4B70B9}" backup="true" original="false"/>
      <assignment shiftstate="3" contextid="G1" macroguid="{FF54FEB5-843F-465A-B8BA-9CAA2C4B70B9}" backup="true" original="false"/>
      <assignment shiftstate="1" contextid="G10" macroguid="{002D4039-63A2-4FFB-B9A6-4F2337042B54}" backup="false" original="false"/>
      <assignment shiftstate="2" contextid="G10" macroguid="{002D4039-63A2-4FFB-B9A6-4F2337042B54}" backup="false" original="false"/>
      <assignment shiftstate="3" contextid="G10" macroguid="{002D4039-63A2-4FFB-B9A6-4F2337042B54}" backup="false" original="false"/>
      <assignment shiftstate="1" contextid="G11" macroguid="{E432B456-E65C-4009-9115-FFF884011BEF}" backup="true" original="false"/>
      <assignment shiftstate="2" contextid="G11" macroguid="{E432B456-E65C-4009-9115-FFF884011BEF}" backup="true" original="false"/>
      <assignment shiftstate="3" contextid="G11" macroguid="{E432B456-E65C-4009-9115-FFF884011BEF}" backup="true" original="false"/>
      <assignment shiftstate="1" contextid="G12" macroguid="{A36371DC-A978-440E-85B5-336C2AFCA14F}" backup="true" original="false"/>
      <assignment shiftstate="2" contextid="G12" macroguid="{A36371DC-A978-440E-85B5-336C2AFCA14F}" backup="true" original="false"/>
      <assignment shiftstate="3" contextid="G12" macroguid="{A36371DC-A978-440E-85B5-336C2AFCA14F}" backup="true" original="false"/>
      <assignment shiftstate="1" contextid="G13" macroguid="{0E5FBC48-AEF2-4D47-AB9A-52FF8DE7A581}" backup="false" original="false"/>
      <assignment shiftstate="2" contextid="G13" macroguid="{0E5FBC48-AEF2-4D47-AB9A-52FF8DE7A581}" backup="false" original="false"/>
      <assignment shiftstate="3" contextid="G13" macroguid="{0E5FBC48-AEF2-4D47-AB9A-52FF8DE7A581}" backup="false" original="false"/>
      <assignment shiftstate="1" contextid="G14" macroguid="{244636E5-5C47-4982-8A76-E216A920F49F}" backup="false" original="false"/>
      <assignment shiftstate="2" contextid="G14" macroguid="{244636E5-5C47-4982-8A76-E216A920F49F}" backup="false" original="false"/>
      <assignment shiftstate="3" contextid="G14" macroguid="{244636E5-5C47-4982-8A76-E216A920F49F}" backup="false" original="false"/>
      <assignment shiftstate="1" contextid="G15" macroguid="{7C5CEB62-4CC5-425F-A442-8ADB5C713D73}" backup="false" original="false"/>
      <assignment shiftstate="2" contextid="G15" macroguid="{7C5CEB62-4CC5-425F-A442-8ADB5C713D73}" backup="false" original="false"/>
      <assignment shiftstate="3" contextid="G15" macroguid="{7C5CEB62-4CC5-425F-A442-8ADB5C713D73}" backup="false" original="false"/>
      <assignment shiftstate="1" contextid="G16" macroguid="{585D6928-6DA4-4865-A4CD-6E6A40687F75}" backup="false" original="false"/>
      <assignment shiftstate="2" contextid="G16" macroguid="{585D6928-6DA4-4865-A4CD-6E6A40687F75}" backup="false" original="false"/>
      <assignment shiftstate="3" contextid="G16" macroguid="{585D6928-6DA4-4865-A4CD-6E6A40687F75}" backup="false" original="false"/>
      <assignment shiftstate="1" contextid="G17" macroguid="{793AC04D-F6DB-4E47-8D93-068B95FD54E3}" backup="false" original="false"/>
      <assignment shiftstate="2" contextid="G17" macroguid="{793AC04D-F6DB-4E47-8D93-068B95FD54E3}" backup="false" original="false"/>
      <assignment shiftstate="3" contextid="G17" macroguid="{793AC04D-F6DB-4E47-8D93-068B95FD54E3}" backup="false" original="false"/>
      <assignment shiftstate="1" contextid="G18" macroguid="{CB9CC75B-A8ED-444E-8EDB-B28802D714CF}" backup="true" original="false"/>
      <assignment shiftstate="2" contextid="G18" macroguid="{CB9CC75B-A8ED-444E-8EDB-B28802D714CF}" backup="true" original="false"/>
      <assignment shiftstate="3" contextid="G18" macroguid="{CB9CC75B-A8ED-444E-8EDB-B28802D714CF}" backup="true" original="false"/>
      <assignment shiftstate="1" contextid="G2" macroguid="{1ED530F3-5A13-4EB1-800C-DF0D6873ED88}" backup="false" original="false"/>
      <assignment shiftstate="2" contextid="G2" macroguid="{1ED530F3-5A13-4EB1-800C-DF0D6873ED88}" backup="false" original="false"/>
      <assignment shiftstate="3" contextid="G2" macroguid="{1ED530F3-5A13-4EB1-800C-DF0D6873ED88}" backup="false" original="false"/>
      <assignment shiftstate="1" contextid="G3" macroguid="{B06BEC6C-12A7-4F2A-AC97-BBF7B7EDF353}" backup="false" original="false"/>
      <assignment shiftstate="2" contextid="G3" macroguid="{B06BEC6C-12A7-4F2A-AC97-BBF7B7EDF353}" backup="false" original="false"/>
      <assignment shiftstate="3" contextid="G3" macroguid="{B06BEC6C-12A7-4F2A-AC97-BBF7B7EDF353}" backup="false" original="false"/>
      <assignment shiftstate="1" contextid="G4" macroguid="{33BDD50A-3E5C-4EE3-A440-91C2A94230CB}" backup="true" original="false"/>
      <assignment shiftstate="2" contextid="G4" macroguid="{33BDD50A-3E5C-4EE3-A440-91C2A94230CB}" backup="true" original="false"/>
      <assignment shiftstate="3" contextid="G4" macroguid="{33BDD50A-3E5C-4EE3-A440-91C2A94230CB}" backup="true" original="false"/>
      <assignment shiftstate="1" contextid="G5" macroguid="{FA55D2A3-9611-4B9A-8705-17C74B82FB64}" backup="false" original="false"/>
      <assignment shiftstate="2" contextid="G5" macroguid="{FA55D2A3-9611-4B9A-8705-17C74B82FB64}" backup="false" original="false"/>
      <assignment shiftstate="3" contextid="G5" macroguid="{FA55D2A3-9611-4B9A-8705-17C74B82FB64}" backup="false" original="false"/>
      <assignment shiftstate="1" contextid="G6" macroguid="{035A0274-52FD-4530-A7B9-EB66B6BEB647}" backup="false" original="false"/>
      <assignment shiftstate="2" contextid="G6" macroguid="{035A0274-52FD-4530-A7B9-EB66B6BEB647}" backup="false" original="false"/>
      <assignment shiftstate="3" contextid="G6" macroguid="{035A0274-52FD-4530-A7B9-EB66B6BEB647}" backup="false" original="false"/>
      <assignment shiftstate="1" contextid="G7" macroguid="{2FDFE890-93C0-4BDB-851B-03D0E06337C1}" backup="true" original="false"/>
      <assignment shiftstate="2" contextid="G7" macroguid="{2FDFE890-93C0-4BDB-851B-03D0E06337C1}" backup="true" original="false"/>
      <assignment shiftstate="3" contextid="G7" macroguid="{2FDFE890-93C0-4BDB-851B-03D0E06337C1}" backup="true" original="false"/>
      <assignment shiftstate="1" contextid="G8" macroguid="{23A95548-5C2F-423A-A76C-0A341F636BF5}" backup="true" original="false"/>
      <assignment shiftstate="2" contextid="G8" macroguid="{23A95548-5C2F-423A-A76C-0A341F636BF5}" backup="true" original="false"/>
      <assignment shiftstate="3" contextid="G8" macroguid="{23A95548-5C2F-423A-A76C-0A341F636BF5}" backup="true" original="false"/>
      <assignment shiftstate="1" contextid="G9" macroguid="{A83EA296-1C6B-4523-996A-69D7830524CD}" backup="true" original="false"/>
      <assignment shiftstate="2" contextid="G9" macroguid="{A83EA296-1C6B-4523-996A-69D7830524CD}" backup="true" original="false"/>
      <assignment shiftstate="3" contextid="G9" macroguid="{A83EA296-1C6B-4523-996A-69D7830524CD}" backup="true" original="false"/>
      <assignment shiftstate="1" contextid="G13" macroguid="{0E5FBC48-AEF2-4D47-AB9A-52FF8DE7A581}" backup="true" original="false"/>
      <assignment shiftstate="2" contextid="G13" macroguid="{0E5FBC48-AEF2-4D47-AB9A-52FF8DE7A581}" backup="true" original="false"/>
      <assignment shiftstate="3" contextid="G13" macroguid="{0E5FBC48-AEF2-4D47-AB9A-52FF8DE7A581}" backup="true" original="false"/>
      <assignment shiftstate="1" contextid="G14" macroguid="{244636E5-5C47-4982-8A76-E216A920F49F}" backup="true" original="false"/>
      <assignment shiftstate="2" contextid="G14" macroguid="{244636E5-5C47-4982-8A76-E216A920F49F}" backup="true" original="false"/>
      <assignment shiftstate="3" contextid="G14" macroguid="{244636E5-5C47-4982-8A76-E216A920F49F}" backup="true" original="false"/>
      <assignment shiftstate="1" contextid="G15" macroguid="{7C5CEB62-4CC5-425F-A442-8ADB5C713D73}" backup="true" original="false"/>
      <assignment shiftstate="2" contextid="G15" macroguid="{7C5CEB62-4CC5-425F-A442-8ADB5C713D73}" backup="true" original="false"/>
      <assignment shiftstate="3" contextid="G15" macroguid="{7C5CEB62-4CC5-425F-A442-8ADB5C713D73}" backup="true" original="false"/>
      <assignment shiftstate="1" contextid="G16" macroguid="{585D6928-6DA4-4865-A4CD-6E6A40687F75}" backup="true" original="false"/>
      <assignment shiftstate="2" contextid="G16" macroguid="{585D6928-6DA4-4865-A4CD-6E6A40687F75}" backup="true" original="false"/>
      <assignment shiftstate="3" contextid="G16" macroguid="{585D6928-6DA4-4865-A4CD-6E6A40687F75}" backup="true" original="false"/>
      <assignment shiftstate="1" contextid="G17" macroguid="{793AC04D-F6DB-4E47-8D93-068B95FD54E3}" backup="true" original="false"/>
      <assignment shiftstate="2" contextid="G17" macroguid="{793AC04D-F6DB-4E47-8D93-068B95FD54E3}" backup="true" original="false"/>
      <assignment shiftstate="3" contextid="G17" macroguid="{793AC04D-F6DB-4E47-8D93-068B95FD54E3}" backup="true" original="false"/>
      <assignment shiftstate="1" contextid="G5" macroguid="{FA55D2A3-9611-4B9A-8705-17C74B82FB64}" backup="true" original="false"/>
      <assignment shiftstate="2" contextid="G5" macroguid="{FA55D2A3-9611-4B9A-8705-17C74B82FB64}" backup="true" original="false"/>
      <assignment shiftstate="3" contextid="G5" macroguid="{FA55D2A3-9611-4B9A-8705-17C74B82FB64}" backup="true" original="false"/>
      <assignment shiftstate="1" contextid="G6" macroguid="{035A0274-52FD-4530-A7B9-EB66B6BEB647}" backup="true" original="false"/>
      <assignment shiftstate="2" contextid="G6" macroguid="{035A0274-52FD-4530-A7B9-EB66B6BEB647}" backup="true" original="false"/>
      <assignment shiftstate="3" contextid="G6" macroguid="{035A0274-52FD-4530-A7B9-EB66B6BEB647}" backup="true" original="false"/>
      <assignment shiftstate="1" contextid="G2" macroguid="{1ED530F3-5A13-4EB1-800C-DF0D6873ED88}" backup="true" original="false"/>
      <assignment shiftstate="2" contextid="G2" macroguid="{1ED530F3-5A13-4EB1-800C-DF0D6873ED88}" backup="true" original="false"/>
      <assignment shiftstate="3" contextid="G2" macroguid="{1ED530F3-5A13-4EB1-800C-DF0D6873ED88}" backup="true" original="false"/>
      <assignment shiftstate="1" contextid="G3" macroguid="{B06BEC6C-12A7-4F2A-AC97-BBF7B7EDF353}" backup="true" original="false"/>
      <assignment shiftstate="2" contextid="G3" macroguid="{B06BEC6C-12A7-4F2A-AC97-BBF7B7EDF353}" backup="true" original="false"/>
      <assignment shiftstate="3" contextid="G3" macroguid="{B06BEC6C-12A7-4F2A-AC97-BBF7B7EDF353}" backup="true" original="false"/>
      <assignment shiftstate="1" contextid="G10" macroguid="{002D4039-63A2-4FFB-B9A6-4F2337042B54}" backup="true" original="false"/>
      <assignment shiftstate="2" contextid="G10" macroguid="{002D4039-63A2-4FFB-B9A6-4F2337042B54}" backup="true" original="false"/>
      <assignment shiftstate="3" contextid="G10" macroguid="{002D4039-63A2-4FFB-B9A6-4F2337042B54}" backup="true" original="false"/>
    </assignments>
    <assignments devicecategory="Logitech.Gaming.LeftHandedController">
      <assignment shiftstate="2" contextid="G1" macroguid="{0E5FBC48-AEF2-4D47-AB9A-52FF8DE7A581}" backup="false" original="false"/>
      <assignment shiftstate="3" contextid="G1" macroguid="{0E5FBC48-AEF2-4D47-AB9A-52FF8DE7A581}" backup="false" original="false"/>
      <assignment shiftstate="1" contextid="G10" macroguid="{63BE7C7A-4937-4CC4-89A1-EA58900D686A}" backup="false" original="false"/>
      <assignment shiftstate="2" contextid="G10" macroguid="{63BE7C7A-4937-4CC4-89A1-EA58900D686A}" backup="false" original="false"/>
      <assignment shiftstate="3" contextid="G10" macroguid="{63BE7C7A-4937-4CC4-89A1-EA58900D686A}" backup="false" original="false"/>
      <assignment shiftstate="1" contextid="G11" macroguid="{719E14B7-92C8-4231-AD72-C30450EBFC10}" backup="false" original="false"/>
      <assignment shiftstate="2" contextid="G11" macroguid="{719E14B7-92C8-4231-AD72-C30450EBFC10}" backup="false" original="false"/>
      <assignment shiftstate="3" contextid="G11" macroguid="{719E14B7-92C8-4231-AD72-C30450EBFC10}" backup="false" original="false"/>
      <assignment shiftstate="1" contextid="G12" macroguid="{438FEFE1-A4AC-40C2-9247-B31379391066}" backup="false" original="false"/>
      <assignment shiftstate="2" contextid="G12" macroguid="{438FEFE1-A4AC-40C2-9247-B31379391066}" backup="false" original="false"/>
      <assignment shiftstate="3" contextid="G12" macroguid="{438FEFE1-A4AC-40C2-9247-B31379391066}" backup="false" original="false"/>
      <assignment shiftstate="2" contextid="G13" macroguid="{053C4FB8-E85A-4993-9C29-6E504C75DB2F}" backup="false" original="false"/>
      <assignment shiftstate="3" contextid="G13" macroguid="{053C4FB8-E85A-4993-9C29-6E504C75DB2F}" backup="false" original="false"/>
      <assignment shiftstate="1" contextid="G14" macroguid="{C76A7B08-F7A1-4CB1-A05B-F376B76FEB3C}" backup="false" original="false"/>
      <assignment shiftstate="2" contextid="G14" macroguid="{C76A7B08-F7A1-4CB1-A05B-F376B76FEB3C}" backup="false" original="false"/>
      <assignment shiftstate="3" contextid="G14" macroguid="{C76A7B08-F7A1-4CB1-A05B-F376B76FEB3C}" backup="false" original="false"/>
      <assignment shiftstate="1" contextid="G15" macroguid="{B6A5C255-A379-498D-AAD9-290F1EB43B98}" backup="true" original="false"/>
      <assignment shiftstate="2" contextid="G15" macroguid="{B6A5C255-A379-498D-AAD9-290F1EB43B98}" backup="true" original="false"/>
      <assignment shiftstate="3" contextid="G15" macroguid="{B6A5C255-A379-498D-AAD9-290F1EB43B98}" backup="true" original="false"/>
      <assignment shiftstate="2" contextid="G16" macroguid="{474C3E34-3395-4059-93C8-3D4076673135}" backup="false" original="false"/>
      <assignment shiftstate="3" contextid="G16" macroguid="{474C3E34-3395-4059-93C8-3D4076673135}" backup="false" original="false"/>
      <assignment shiftstate="2" contextid="G17" macroguid="{AEB183E0-9019-4392-896B-4DAC8330FA67}" backup="false" original="false"/>
      <assignment shiftstate="3" contextid="G17" macroguid="{AEB183E0-9019-4392-896B-4DAC8330FA67}" backup="false" original="false"/>
      <assignment shiftstate="1" contextid="G18" macroguid="{0BD1FF8D-B460-46A4-9866-EAFB2ECF3617}" backup="true" original="false"/>
      <assignment shiftstate="2" contextid="G18" macroguid="{0BD1FF8D-B460-46A4-9866-EAFB2ECF3617}" backup="true" original="false"/>
      <assignment shiftstate="3" contextid="G18" macroguid="{0BD1FF8D-B460-46A4-9866-EAFB2ECF3617}" backup="true" original="false"/>
      <assignment shiftstate="1" contextid="G19" macroguid="{33F8DE88-FEAC-42ED-BA8A-3C4755FA6D67}" backup="true" original="false"/>
      <assignment shiftstate="2" contextid="G19" macroguid="{33F8DE88-FEAC-42ED-BA8A-3C4755FA6D67}" backup="true" original="false"/>
      <assignment shiftstate="3" contextid="G19" macroguid="{33F8DE88-FEAC-42ED-BA8A-3C4755FA6D67}" backup="true" original="false"/>
      <assignment shiftstate="2" contextid="G2" macroguid="{244636E5-5C47-4982-8A76-E216A920F49F}" backup="false" original="false"/>
      <assignment shiftstate="3" contextid="G2" macroguid="{244636E5-5C47-4982-8A76-E216A920F49F}" backup="false" original="false"/>
      <assignment shiftstate="2" contextid="G20" macroguid="{6631B94C-725B-4541-B7FD-E0FEDA3156F3}" backup="false" original="false"/>
      <assignment shiftstate="3" contextid="G20" macroguid="{6631B94C-725B-4541-B7FD-E0FEDA3156F3}" backup="false" original="false"/>
      <assignment shiftstate="2" contextid="G21" macroguid="{93ECFD56-95ED-4B57-A385-8CF72DB5F6B6}" backup="false" original="false"/>
      <assignment shiftstate="3" contextid="G21" macroguid="{93ECFD56-95ED-4B57-A385-8CF72DB5F6B6}" backup="false" original="false"/>
      <assignment shiftstate="2" contextid="G22" macroguid="{012C64E4-210B-4199-97BC-F051CE3488E6}" backup="false" original="false"/>
      <assignment shiftstate="3" contextid="G22" macroguid="{012C64E4-210B-4199-97BC-F051CE3488E6}" backup="false" original="false"/>
      <assignment shiftstate="1" contextid="G23" macroguid="{CB9CC75B-A8ED-444E-8EDB-B28802D714CF}" backup="true" original="false"/>
      <assignment shiftstate="2" contextid="G23" macroguid="{CB9CC75B-A8ED-444E-8EDB-B28802D714CF}" backup="true" original="false"/>
      <assignment shiftstate="3" contextid="G23" macroguid="{CB9CC75B-A8ED-444E-8EDB-B28802D714CF}" backup="true" original="false"/>
      <assignment shiftstate="1" contextid="G24" macroguid="{D0AE6D96-FA68-44C3-9962-F25237E48823}" backup="true" original="false"/>
      <assignment shiftstate="2" contextid="G24" macroguid="{D0AE6D96-FA68-44C3-9962-F25237E48823}" backup="true" original="false"/>
      <assignment shiftstate="3" contextid="G24" macroguid="{D0AE6D96-FA68-44C3-9962-F25237E48823}" backup="true" original="false"/>
      <assignment shiftstate="1" contextid="G25" macroguid="{6FDA729B-2DD1-4505-9693-A8D2CC88A956}" backup="true" original="false"/>
      <assignment shiftstate="2" contextid="G25" macroguid="{6FDA729B-2DD1-4505-9693-A8D2CC88A956}" backup="true" original="false"/>
      <assignment shiftstate="3" contextid="G25" macroguid="{6FDA729B-2DD1-4505-9693-A8D2CC88A956}" backup="true" original="false"/>
      <assignment shiftstate="2" contextid="G26" macroguid="{D9ED5310-3F5A-42C8-803C-32CF24C0A3CE}" backup="false" original="false"/>
      <assignment shiftstate="3" contextid="G26" macroguid="{D9ED5310-3F5A-42C8-803C-32CF24C0A3CE}" backup="false" original="false"/>
      <assignment shiftstate="2" contextid="G27" macroguid="{438FEFE1-A4AC-40C2-9247-B31379391066}" backup="false" original="false"/>
      <assignment shiftstate="3" contextid="G27" macroguid="{438FEFE1-A4AC-40C2-9247-B31379391066}" backup="false" original="false"/>
      <assignment shiftstate="2" contextid="G28" macroguid="{719E14B7-92C8-4231-AD72-C30450EBFC10}" backup="false" original="false"/>
      <assignment shiftstate="3" contextid="G28" macroguid="{719E14B7-92C8-4231-AD72-C30450EBFC10}" backup="false" original="false"/>
      <assignment shiftstate="2" contextid="G29" macroguid="{63BE7C7A-4937-4CC4-89A1-EA58900D686A}" backup="false" original="false"/>
      <assignment shiftstate="3" contextid="G29" macroguid="{63BE7C7A-4937-4CC4-89A1-EA58900D686A}" backup="false" original="false"/>
      <assignment shiftstate="1" contextid="G3" macroguid="{088F6952-C5AF-4CD9-8596-C1744B12501F}" backup="true" original="false"/>
      <assignment shiftstate="2" contextid="G3" macroguid="{088F6952-C5AF-4CD9-8596-C1744B12501F}" backup="false" original="false"/>
      <assignment shiftstate="3" contextid="G3" macroguid="{088F6952-C5AF-4CD9-8596-C1744B12501F}" backup="false" original="false"/>
      <assignment shiftstate="1" contextid="G4" macroguid="{D9ED5310-3F5A-42C8-803C-32CF24C0A3CE}" backup="false" original="false"/>
      <assignment shiftstate="2" contextid="G4" macroguid="{D9ED5310-3F5A-42C8-803C-32CF24C0A3CE}" backup="false" original="false"/>
      <assignment shiftstate="3" contextid="G4" macroguid="{D9ED5310-3F5A-42C8-803C-32CF24C0A3CE}" backup="false" original="false"/>
      <assignment shiftstate="2" contextid="G5" macroguid="{35060C60-D9F5-4F61-B7F0-351005026E00}" backup="false" original="false"/>
      <assignment shiftstate="3" contextid="G5" macroguid="{35060C60-D9F5-4F61-B7F0-351005026E00}" backup="false" original="false"/>
      <assignment shiftstate="2" contextid="G6" macroguid="{CEBC90AE-8677-4F05-BA4F-A8436AC9EAB6}" backup="false" original="false"/>
      <assignment shiftstate="3" contextid="G6" macroguid="{CEBC90AE-8677-4F05-BA4F-A8436AC9EAB6}" backup="false" original="false"/>
      <assignment shiftstate="1" contextid="G7" macroguid="{569B3CF7-7D76-4E72-94A3-D8B6DA43C6A2}" backup="true" original="false"/>
      <assignment shiftstate="2" contextid="G7" macroguid="{569B3CF7-7D76-4E72-94A3-D8B6DA43C6A2}" backup="true" original="false"/>
      <assignment shiftstate="3" contextid="G7" macroguid="{569B3CF7-7D76-4E72-94A3-D8B6DA43C6A2}" backup="true" original="false"/>
      <assignment shiftstate="2" contextid="G8" macroguid="{7C5CEB62-4CC5-425F-A442-8ADB5C713D73}" backup="false" original="false"/>
      <assignment shiftstate="3" contextid="G8" macroguid="{7C5CEB62-4CC5-425F-A442-8ADB5C713D73}" backup="false" original="false"/>
      <assignment shiftstate="2" contextid="G9" macroguid="{585D6928-6DA4-4865-A4CD-6E6A40687F75}" backup="false" original="false"/>
      <assignment shiftstate="3" contextid="G9" macroguid="{585D6928-6DA4-4865-A4CD-6E6A40687F75}" backup="false" original="false"/>
      <assignment shiftstate="1" contextid="G26" macroguid="{D9ED5310-3F5A-42C8-803C-32CF24C0A3CE}" backup="true" original="false"/>
      <assignment shiftstate="2" contextid="G26" macroguid="{D9ED5310-3F5A-42C8-803C-32CF24C0A3CE}" backup="true" original="false"/>
      <assignment shiftstate="3" contextid="G26" macroguid="{D9ED5310-3F5A-42C8-803C-32CF24C0A3CE}" backup="true" original="false"/>
      <assignment shiftstate="1" contextid="G4" macroguid="{D9ED5310-3F5A-42C8-803C-32CF24C0A3CE}" backup="true" original="false"/>
      <assignment shiftstate="2" contextid="G4" macroguid="{D9ED5310-3F5A-42C8-803C-32CF24C0A3CE}" backup="true" original="false"/>
      <assignment shiftstate="3" contextid="G4" macroguid="{D9ED5310-3F5A-42C8-803C-32CF24C0A3CE}" backup="true" original="false"/>
      <assignment shiftstate="1" contextid="G11" macroguid="{719E14B7-92C8-4231-AD72-C30450EBFC10}" backup="true" original="false"/>
      <assignment shiftstate="2" contextid="G11" macroguid="{719E14B7-92C8-4231-AD72-C30450EBFC10}" backup="true" original="false"/>
      <assignment shiftstate="3" contextid="G11" macroguid="{719E14B7-92C8-4231-AD72-C30450EBFC10}" backup="true" original="false"/>
      <assignment shiftstate="1" contextid="G28" macroguid="{719E14B7-92C8-4231-AD72-C30450EBFC10}" backup="true" original="false"/>
      <assignment shiftstate="2" contextid="G28" macroguid="{719E14B7-92C8-4231-AD72-C30450EBFC10}" backup="true" original="false"/>
      <assignment shiftstate="3" contextid="G28" macroguid="{719E14B7-92C8-4231-AD72-C30450EBFC10}" backup="true" original="false"/>
      <assignment shiftstate="1" contextid="G10" macroguid="{63BE7C7A-4937-4CC4-89A1-EA58900D686A}" backup="true" original="false"/>
      <assignment shiftstate="2" contextid="G10" macroguid="{63BE7C7A-4937-4CC4-89A1-EA58900D686A}" backup="true" original="false"/>
      <assignment shiftstate="3" contextid="G10" macroguid="{63BE7C7A-4937-4CC4-89A1-EA58900D686A}" backup="true" original="false"/>
      <assignment shiftstate="1" contextid="G29" macroguid="{63BE7C7A-4937-4CC4-89A1-EA58900D686A}" backup="true" original="false"/>
      <assignment shiftstate="2" contextid="G29" macroguid="{63BE7C7A-4937-4CC4-89A1-EA58900D686A}" backup="true" original="false"/>
      <assignment shiftstate="3" contextid="G29" macroguid="{63BE7C7A-4937-4CC4-89A1-EA58900D686A}" backup="true" original="false"/>
      <assignment shiftstate="1" contextid="G12" macroguid="{438FEFE1-A4AC-40C2-9247-B31379391066}" backup="true" original="false"/>
      <assignment shiftstate="2" contextid="G12" macroguid="{438FEFE1-A4AC-40C2-9247-B31379391066}" backup="true" original="false"/>
      <assignment shiftstate="3" contextid="G12" macroguid="{438FEFE1-A4AC-40C2-9247-B31379391066}" backup="true" original="false"/>
      <assignment shiftstate="1" contextid="G27" macroguid="{438FEFE1-A4AC-40C2-9247-B31379391066}" backup="true" original="false"/>
      <assignment shiftstate="2" contextid="G27" macroguid="{438FEFE1-A4AC-40C2-9247-B31379391066}" backup="true" original="false"/>
      <assignment shiftstate="3" contextid="G27" macroguid="{438FEFE1-A4AC-40C2-9247-B31379391066}" backup="true" original="false"/>
      <assignment shiftstate="1" contextid="G22" macroguid="{012C64E4-210B-4199-97BC-F051CE3488E6}" backup="true" original="false"/>
      <assignment shiftstate="2" contextid="G22" macroguid="{012C64E4-210B-4199-97BC-F051CE3488E6}" backup="true" original="false"/>
      <assignment shiftstate="3" contextid="G22" macroguid="{012C64E4-210B-4199-97BC-F051CE3488E6}" backup="true" original="false"/>
      <assignment shiftstate="1" contextid="G20" macroguid="{6631B94C-725B-4541-B7FD-E0FEDA3156F3}" backup="true" original="false"/>
      <assignment shiftstate="2" contextid="G20" macroguid="{6631B94C-725B-4541-B7FD-E0FEDA3156F3}" backup="true" original="false"/>
      <assignment shiftstate="3" contextid="G20" macroguid="{6631B94C-725B-4541-B7FD-E0FEDA3156F3}" backup="true" original="false"/>
      <assignment shiftstate="1" contextid="G22" macroguid="{6631B94C-725B-4541-B7FD-E0FEDA3156F3}" backup="false" original="false"/>
      <assignment shiftstate="1" contextid="G5" macroguid="{35060C60-D9F5-4F61-B7F0-351005026E00}" backup="true" original="false"/>
      <assignment shiftstate="2" contextid="G5" macroguid="{35060C60-D9F5-4F61-B7F0-351005026E00}" backup="true" original="false"/>
      <assignment shiftstate="3" contextid="G5" macroguid="{35060C60-D9F5-4F61-B7F0-351005026E00}" backup="true" original="false"/>
      <assignment shiftstate="1" contextid="G3" macroguid="{35060C60-D9F5-4F61-B7F0-351005026E00}" backup="false" original="false"/>
      <assignment shiftstate="1" contextid="G6" macroguid="{CEBC90AE-8677-4F05-BA4F-A8436AC9EAB6}" backup="true" original="false"/>
      <assignment shiftstate="2" contextid="G6" macroguid="{CEBC90AE-8677-4F05-BA4F-A8436AC9EAB6}" backup="true" original="false"/>
      <assignment shiftstate="3" contextid="G6" macroguid="{CEBC90AE-8677-4F05-BA4F-A8436AC9EAB6}" backup="true" original="false"/>
      <assignment shiftstate="1" contextid="G5" macroguid="{CEBC90AE-8677-4F05-BA4F-A8436AC9EAB6}" backup="false" original="false"/>
      <assignment shiftstate="1" contextid="G1" macroguid="{0E5FBC48-AEF2-4D47-AB9A-52FF8DE7A581}" backup="true" original="false"/>
      <assignment shiftstate="2" contextid="G1" macroguid="{0E5FBC48-AEF2-4D47-AB9A-52FF8DE7A581}" backup="true" original="false"/>
      <assignment shiftstate="3" contextid="G1" macroguid="{0E5FBC48-AEF2-4D47-AB9A-52FF8DE7A581}" backup="true" original="false"/>
      <assignment shiftstate="1" contextid="G2" macroguid="{244636E5-5C47-4982-8A76-E216A920F49F}" backup="true" original="false"/>
      <assignment shiftstate="2" contextid="G2" macroguid="{244636E5-5C47-4982-8A76-E216A920F49F}" backup="true" original="false"/>
      <assignment shiftstate="3" contextid="G2" macroguid="{244636E5-5C47-4982-8A76-E216A920F49F}" backup="true" original="false"/>
      <assignment shiftstate="1" contextid="G8" macroguid="{7C5CEB62-4CC5-425F-A442-8ADB5C713D73}" backup="true" original="false"/>
      <assignment shiftstate="2" contextid="G8" macroguid="{7C5CEB62-4CC5-425F-A442-8ADB5C713D73}" backup="true" original="false"/>
      <assignment shiftstate="3" contextid="G8" macroguid="{7C5CEB62-4CC5-425F-A442-8ADB5C713D73}" backup="true" original="false"/>
      <assignment shiftstate="1" contextid="G9" macroguid="{585D6928-6DA4-4865-A4CD-6E6A40687F75}" backup="true" original="false"/>
      <assignment shiftstate="2" contextid="G9" macroguid="{585D6928-6DA4-4865-A4CD-6E6A40687F75}" backup="true" original="false"/>
      <assignment shiftstate="3" contextid="G9" macroguid="{585D6928-6DA4-4865-A4CD-6E6A40687F75}" backup="true" original="false"/>
      <assignment shiftstate="2" contextid="G3" macroguid="{088F6952-C5AF-4CD9-8596-C1744B12501F}" backup="true" original="false"/>
      <assignment shiftstate="3" contextid="G3" macroguid="{088F6952-C5AF-4CD9-8596-C1744B12501F}" backup="true" original="false"/>
      <assignment shiftstate="1" contextid="G17" macroguid="{AEB183E0-9019-4392-896B-4DAC8330FA67}" backup="true" original="false"/>
      <assignment shiftstate="2" contextid="G17" macroguid="{AEB183E0-9019-4392-896B-4DAC8330FA67}" backup="true" original="false"/>
      <assignment shiftstate="3" contextid="G17" macroguid="{AEB183E0-9019-4392-896B-4DAC8330FA67}" backup="true" original="false"/>
      <assignment shiftstate="1" contextid="G16" macroguid="{474C3E34-3395-4059-93C8-3D4076673135}" backup="true" original="false"/>
      <assignment shiftstate="2" contextid="G16" macroguid="{474C3E34-3395-4059-93C8-3D4076673135}" backup="true" original="false"/>
      <assignment shiftstate="3" contextid="G16" macroguid="{474C3E34-3395-4059-93C8-3D4076673135}" backup="true" original="false"/>
      <assignment shiftstate="1" contextid="G14" macroguid="{C76A7B08-F7A1-4CB1-A05B-F376B76FEB3C}" backup="true" original="false"/>
      <assignment shiftstate="2" contextid="G14" macroguid="{C76A7B08-F7A1-4CB1-A05B-F376B76FEB3C}" backup="true" original="false"/>
      <assignment shiftstate="3" contextid="G14" macroguid="{C76A7B08-F7A1-4CB1-A05B-F376B76FEB3C}" backup="true" original="false"/>
      <assignment shiftstate="1" contextid="G13" macroguid="{053C4FB8-E85A-4993-9C29-6E504C75DB2F}" backup="true" original="false"/>
      <assignment shiftstate="2" contextid="G13" macroguid="{053C4FB8-E85A-4993-9C29-6E504C75DB2F}" backup="true" original="false"/>
      <assignment shiftstate="3" contextid="G13" macroguid="{053C4FB8-E85A-4993-9C29-6E504C75DB2F}" backup="true" original="false"/>
      <assignment shiftstate="1" contextid="G21" macroguid="{93ECFD56-95ED-4B57-A385-8CF72DB5F6B6}" backup="true" original="false"/>
      <assignment shiftstate="2" contextid="G21" macroguid="{93ECFD56-95ED-4B57-A385-8CF72DB5F6B6}" backup="true" original="false"/>
      <assignment shiftstate="3" contextid="G21" macroguid="{93ECFD56-95ED-4B57-A385-8CF72DB5F6B6}" backup="true" original="false"/>
      <assignment shiftstate="1" contextid="G1" macroguid="{CB1ED514-653F-4BF8-8F34-5EA23418DA4B}" backup="false" original="false"/>
      <assignment shiftstate="1" contextid="G2" macroguid="{EC425E73-E633-4E90-A661-8EE05B0EAA64}" backup="false" original="false"/>
      <assignment shiftstate="1" contextid="G7" macroguid="{053C4FB8-E85A-4993-9C29-6E504C75DB2F}" backup="false" original="false"/>
      <assignment shiftstate="1" contextid="G8" macroguid="{244636E5-5C47-4982-8A76-E216A920F49F}" backup="false" original="false"/>
      <assignment shiftstate="1" contextid="G9" macroguid="{0E5FBC48-AEF2-4D47-AB9A-52FF8DE7A581}" backup="false" original="false"/>
      <assignment shiftstate="1" contextid="G23" macroguid="{071EDCD1-6DF3-45E9-9F56-BD1BDC54807E}" backup="false" original="false"/>
      <assignment shiftstate="1" contextid="G24" macroguid="{93ECFD56-95ED-4B57-A385-8CF72DB5F6B6}" backup="false" original="false"/>
      <assignment shiftstate="1" contextid="G20" macroguid="{B06BEC6C-12A7-4F2A-AC97-BBF7B7EDF353}" backup="false" original="false"/>
      <assignment shiftstate="1" contextid="G21" macroguid="{002D4039-63A2-4FFB-B9A6-4F2337042B54}" backup="false" original="false"/>
      <assignment shiftstate="1" contextid="G29" macroguid="{474C3E34-3395-4059-93C8-3D4076673135}" backup="false" original="false"/>
      <assignment shiftstate="1" contextid="G27" macroguid="{AEB183E0-9019-4392-896B-4DAC8330FA67}" backup="false" original="false"/>
      <assignment shiftstate="1" contextid="G15" macroguid="{7C5CEB62-4CC5-425F-A442-8ADB5C713D73}" backup="false" original="false"/>
      <assignment shiftstate="1" contextid="G13" macroguid="{793AC04D-F6DB-4E47-8D93-068B95FD54E3}" backup="false" original="false"/>
      <assignment shiftstate="1" contextid="G19" macroguid="{B974092E-5E38-4974-9C22-1DB91FE9C39D}" backup="false" original="false"/>
      <assignment shiftstate="1" contextid="G25" macroguid="{1ED530F3-5A13-4EB1-800C-DF0D6873ED88}" backup="false" original="false"/>
      <assignment shiftstate="1" contextid="G26" macroguid="{FA55D2A3-9611-4B9A-8705-17C74B82FB64}" backup="false" original="false"/>
      <assignment shiftstate="1" contextid="G28" macroguid="{035A0274-52FD-4530-A7B9-EB66B6BEB647}" backup="false" original="false"/>
      <assignment shiftstate="1" contextid="G18" macroguid="{56730D9D-EC55-4816-B815-8BD80C7386C2}" backup="false" original="false"/>
    </assignments>
    <assignments devicecategory="Logitech.Gaming.Mouse">
      <assignment shiftstate="1" contextid="Button1" macroguid="{5DAFA657-7E0B-4D37-9F7A-FA252ED551E6}" backup="false" original="true"/>
      <assignment shiftstate="1" contextid="Button2" macroguid="{9D0F4485-F6CE-49AF-B3FB-328DBF996F1E}" backup="false" original="true"/>
      <assignment shiftstate="1" contextid="Button3" macroguid="{8B615B23-6FDC-4430-9E57-E5CCBCAC4575}" backup="false" original="true"/>
      <assignment shiftstate="1" contextid="Button4" macroguid="{A0D817F6-1D5D-483B-ADD0-2634CD93D42A}" backup="false" original="true"/>
      <assignment shiftstate="1" contextid="Button5" macroguid="{8B13562D-60F2-460F-9588-8C84168C81BC}" backup="false" original="true"/>
      <assignment shiftstate="1" contextid="Button6" macroguid="{89F0C712-9AF7-4099-9C53-1868BF5B9A4E}" backup="false" original="true"/>
      <assignment shiftstate="1" contextid="Button7" macroguid="{68A1C0B2-2996-4992-9CC5-3285AC8E9740}" backup="false" original="true"/>
      <assignment shiftstate="1" contextid="Button8" macroguid="{12C9716B-4D7A-4F6F-AF20-A0369219119A}" backup="false" original="true"/>
    </assignments>
    <assignments devicecategory="Logitech.Gaming.Mouse.G300">
      <assignment shiftstate="1" contextid="Button1" macroguid="{5DAFA657-7E0B-4D37-9F7A-FA252ED551E6}" backup="false" original="true"/>
      <assignment shiftstate="1" contextid="Button2" macroguid="{9D0F4485-F6CE-49AF-B3FB-328DBF996F1E}" backup="false" original="true"/>
      <assignment shiftstate="1" contextid="Button3" macroguid="{8B615B23-6FDC-4430-9E57-E5CCBCAC4575}" backup="false" original="true"/>
      <assignment shiftstate="1" contextid="Button4" macroguid="{A0D817F6-1D5D-483B-ADD0-2634CD93D42A}" backup="false" original="true"/>
      <assignment shiftstate="1" contextid="Button5" macroguid="{8B13562D-60F2-460F-9588-8C84168C81BC}" backup="false" original="true"/>
      <assignment shiftstate="1" contextid="Button6" macroguid="{6631B94C-725B-4541-B7FD-E0FEDA3156F3}" backup="false" original="false"/>
      <assignment shiftstate="1" contextid="Button7" macroguid="{93ECFD56-95ED-4B57-A385-8CF72DB5F6B6}" backup="false" original="false"/>
      <assignment shiftstate="1" contextid="Button8" macroguid="{53E81537-5916-4AB3-B052-ABF88B5DD218}" backup="false" original="true"/>
      <assignment shiftstate="1" contextid="Button9" macroguid="{28F1F32A-678A-4CD8-A0F4-41283A737EFC}" backup="false" original="true"/>
      <assignment shiftstate="2" contextid="Button1" macroguid="{5DAFA657-7E0B-4D37-9F7A-FA252ED551E6}" backup="false" original="true"/>
      <assignment shiftstate="2" contextid="Button2" macroguid="{9D0F4485-F6CE-49AF-B3FB-328DBF996F1E}" backup="false" original="true"/>
      <assignment shiftstate="2" contextid="Button3" macroguid="{8B615B23-6FDC-4430-9E57-E5CCBCAC4575}" backup="false" original="true"/>
      <assignment shiftstate="2" contextid="Button4" macroguid="{A0D817F6-1D5D-483B-ADD0-2634CD93D42A}" backup="false" original="true"/>
      <assignment shiftstate="2" contextid="Button5" macroguid="{8B13562D-60F2-460F-9588-8C84168C81BC}" backup="false" original="true"/>
      <assignment shiftstate="2" contextid="Button6" macroguid="{12C9716B-4D7A-4F6F-AF20-A0369219119A}" backup="false" original="true"/>
      <assignment shiftstate="2" contextid="Button7" macroguid="{68A1C0B2-2996-4992-9CC5-3285AC8E9740}" backup="false" original="true"/>
      <assignment shiftstate="2" contextid="Button8" macroguid="{53E81537-5916-4AB3-B052-ABF88B5DD218}" backup="false" original="true"/>
      <assignment shiftstate="2" contextid="Button9" macroguid="{A1FEC5BC-9A8A-49C5-B085-0E2EDCEF1F55}" backup="false" original="true"/>
      <assignment shiftstate="3" contextid="Button1" macroguid="{5DAFA657-7E0B-4D37-9F7A-FA252ED551E6}" backup="false" original="true"/>
      <assignment shiftstate="3" contextid="Button2" macroguid="{9D0F4485-F6CE-49AF-B3FB-328DBF996F1E}" backup="false" original="true"/>
      <assignment shiftstate="3" contextid="Button3" macroguid="{8B615B23-6FDC-4430-9E57-E5CCBCAC4575}" backup="false" original="true"/>
      <assignment shiftstate="3" contextid="Button4" macroguid="{A0D817F6-1D5D-483B-ADD0-2634CD93D42A}" backup="false" original="true"/>
      <assignment shiftstate="3" contextid="Button5" macroguid="{8B13562D-60F2-460F-9588-8C84168C81BC}" backup="false" original="true"/>
      <assignment shiftstate="3" contextid="Button6" macroguid="{F7899D9E-8B25-45CB-B4BC-AAF99E4C87D4}" backup="true" original="false"/>
      <assignment shiftstate="3" contextid="Button7" macroguid="{5638A489-F156-4122-A7DB-E0F880FACC0E}" backup="true" original="false"/>
      <assignment shiftstate="3" contextid="Button8" macroguid="{53E81537-5916-4AB3-B052-ABF88B5DD218}" backup="false" original="true"/>
      <assignment shiftstate="3" contextid="Button9" macroguid="{2F5C8F56-C184-4143-8852-2EB924626DCC}" backup="true" original="false"/>
      <assignment shiftstate="1" contextid="Button6" macroguid="{6631B94C-725B-4541-B7FD-E0FEDA3156F3}" backup="true" original="false"/>
      <assignment shiftstate="1" contextid="Button7" macroguid="{93ECFD56-95ED-4B57-A385-8CF72DB5F6B6}" backup="true" original="false"/>
    </assignments>
    <assignments devicecategory="Logitech.Gaming.Mouse.G9">
      <assignment shiftstate="1" contextid="Button1" macroguid="{5DAFA657-7E0B-4D37-9F7A-FA252ED551E6}" backup="false" original="false"/>
      <assignment shiftstate="1" contextid="Button2" macroguid="{9D0F4485-F6CE-49AF-B3FB-328DBF996F1E}" backup="false" original="false"/>
      <assignment shiftstate="1" contextid="Button3" macroguid="{8B615B23-6FDC-4430-9E57-E5CCBCAC4575}" backup="false" original="false"/>
      <assignment shiftstate="1" contextid="Button7" macroguid="{A785B831-037A-4C93-B14E-2C0D498EF35E}" backup="false" original="false"/>
      <assignment shiftstate="1" contextid="Button8" macroguid="{15E7981E-54C7-40C1-B2EA-7F37FC31117E}" backup="false" original="false"/>
      <assignment shiftstate="1" contextid="Button9" macroguid="{68A1C0B2-2996-4992-9CC5-3285AC8E9740}" backup="false" original="false"/>
      <assignment shiftstate="1" contextid="Button10" macroguid="{12C9716B-4D7A-4F6F-AF20-A0369219119A}" backup="false" original="false"/>
      <assignment shiftstate="1" contextid="Button4" macroguid="{012C64E4-210B-4199-97BC-F051CE3488E6}" backup="false" original="false"/>
      <assignment shiftstate="1" contextid="Button5" macroguid="{088F6952-C5AF-4CD9-8596-C1744B12501F}" backup="false" original="false"/>
    </assignments>
    <pointers>
      <pointer devicemodel="Logitech.Gaming.Mouse.G600">
        <mode shiftstate="1">
          <reportrate rate="500"/>
          <powermode value="2"/>
          <dpitable syncxy="1" defaultindex="0" shiftindex="0">
            <dpi enabled="1" x="1200" y="1200"/>
            <dpi enabled="0" x="2000" y="2000"/>
            <dpi enabled="0" x="3200" y="3200"/>
            <dpi enabled="0" x="5000" y="5000"/>
            <dpi enabled="0" x="8200" y="8200"/>
          </dpitable>
          <movement speed="-1" acceleration="1"/>
        </mode>
        <mode shiftstate="2">
          <reportrate rate="500"/>
          <powermode value="2"/>
          <dpitable syncxy="1" defaultindex="0" shiftindex="0">
            <dpi enabled="1" x="1200" y="1200"/>
            <dpi enabled="0" x="2000" y="2000"/>
            <dpi enabled="0" x="3200" y="3200"/>
            <dpi enabled="0" x="5000" y="5000"/>
            <dpi enabled="0" x="8200" y="8200"/>
          </dpitable>
          <movement speed="-1" acceleration="1"/>
        </mode>
        <mode shiftstate="3">
          <reportrate rate="500"/>
          <powermode value="2"/>
          <dpitable syncxy="1" defaultindex="1" shiftindex="0">
            <dpi enabled="1" x="400" y="400"/>
            <dpi enabled="1" x="1200" y="1200"/>
            <dpi enabled="1" x="2000" y="2000"/>
            <dpi enabled="1" x="3200" y="3200"/>
            <dpi enabled="0" x="8200" y="8200"/>
          </dpitable>
          <movement speed="-1" acceleration="1"/>
        </mode>
      </pointer>
      <pointer devicemodel="Logitech.Gaming.Mouse.G9XCOD">
        <mode shiftstate="1">
          <reportrate rate="1000"/>
          <powermode value="2"/>
          <dpitable syncxy="1" defaultindex="2" shiftindex="2">
            <dpi enabled="1" x="400" y="400"/>
            <dpi enabled="1" x="800" y="800"/>
            <dpi enabled="1" x="1600" y="1600"/>
            <dpi enabled="1" x="3200" y="3200"/>
          </dpitable>
          <movement speed="-1" acceleration="1"/>
        </mode>
      </pointer>
    </pointers>
    <backlight devicemodel="Logitech.Gaming.Mouse.G300">
      <mode shiftstate="1" color="#ff0000"/>
      <mode shiftstate="2" color="#00ff00"/>
      <mode shiftstate="3" color="#0000ff"/>
    </backlight>
    <backlight devicemodel="Logitech.Gaming.LeftHandedController.G13">
      <mode shiftstate="1" color="#ffffff"/>
      <mode shiftstate="2" color="#ffffff"/>
      <mode shiftstate="3" color="#ffffff"/>
    </backlight>
    <backlight devicemodel="Logitech.Gaming.Mouse.G9XCOD">
      <mode shiftstate="1" color="#ff5500"/>
      <mode shiftstate="2" color="#ff9b00"/>
      <mode shiftstate="3" color="#ff9b00"/>
    </backlight>
    <script>function OnEvent(event, arg)
	--OutputLogMessage("event = %s, arg = %s\n", event, arg);
end</script>
  </profile>
</profiles>
