<?xml version="1.0" encoding="utf-8"?>
<profiles xmlns="http://www.logitech.com/Cassandra/2010.7/Profile">
  <profile gkeysdk="0" guid="{7DC0E447-855D-49F8-9117-A461B259D7D1}" lock="0" name="Blacklight retribution">
    <description></description>
    <target path="C:\PROGRAM FILES (X86)\STEAM\STEAMAPPS\COMMON\BLACKLIGHTRETRIBUTION\BLACKLIGHT RETRIBUTION.EXE"/>
    <signature key="" value="" executable="" name=""/>
    <macros>
      <macro guid="{29E2DEFE-B057-449A-B57F-21105AE2AA48}" hidden="false" name="Left Click">
        <mousefunction xmlns="http://www.logitech.com/Cassandra/2010.1/Macros/MouseFunction">
          <do task="leftclick"/>
        </mousefunction>
      </macro>
      <macro guid="{A2DE582D-D851-40F9-9AD0-3FBF600F013F}" hidden="false" name="Right Click">
        <mousefunction xmlns="http://www.logitech.com/Cassandra/2010.1/Macros/MouseFunction">
          <do task="rightclick"/>
        </mousefunction>
      </macro>
      <macro guid="{D4506B81-9363-4AC3-85E6-7666B50B209D}" hidden="false" name="Middle Click">
        <mousefunction xmlns="http://www.logitech.com/Cassandra/2010.1/Macros/MouseFunction">
          <do task="middleclick"/>
        </mousefunction>
      </macro>
      <macro guid="{FD42BE12-E148-44E5-9597-0170AFD24260}" hidden="false" name="Back">
        <mousefunction xmlns="http://www.logitech.com/Cassandra/2010.1/Macros/MouseFunction">
          <do task="back"/>
        </mousefunction>
      </macro>
      <macro guid="{84BE25C9-EA63-4E76-994C-C3660AD50910}" hidden="false" name="Forward">
        <mousefunction xmlns="http://www.logitech.com/Cassandra/2010.1/Macros/MouseFunction">
          <do task="forward"/>
        </mousefunction>
      </macro>
      <macro guid="{B85A4FE2-C01F-4797-B6C1-8CAA9DE73477}" hidden="false" name="Scroll Left">
        <mousefunction xmlns="http://www.logitech.com/Cassandra/2010.1/Macros/MouseFunction">
          <do task="scrollleft"/>
        </mousefunction>
      </macro>
      <macro guid="{7CAC164A-5CBB-4FA5-AD99-D6A5F0C8198A}" hidden="false" name="Scroll Right">
        <mousefunction xmlns="http://www.logitech.com/Cassandra/2010.1/Macros/MouseFunction">
          <do task="scrollright"/>
        </mousefunction>
      </macro>
      <macro devicecategory="Logitech.Gaming.Mouse" guid="{DEB8132C-4DDB-4751-A14D-252437DECF16}" hidden="false" name="DPI Up">
        <mousefunction xmlns="http://www.logitech.com/Cassandra/2010.1/Macros/MouseFunction">
          <do task="dpiup"/>
        </mousefunction>
      </macro>
      <macro devicecategory="Logitech.Gaming.Mouse" guid="{3CD758BA-1BFD-4C59-AAC1-0CA25F9D0BAB}" hidden="false" name="DPI Down">
        <mousefunction xmlns="http://www.logitech.com/Cassandra/2010.1/Macros/MouseFunction">
          <do task="dpidown"/>
        </mousefunction>
      </macro>
      <macro guid="{45246B93-3D63-4A30-B11D-0A31ADD0A64B}" hidden="false" name="Forward">
        <keystroke xmlns="http://www.logitech.com/Cassandra/2010.1/Macros/Keystroke">
          <key value="W"/>
        </keystroke>
      </macro>
      <macro guid="{E0C3BB97-8878-4873-8434-2BE8537C2124}" hidden="false" name="Back">
        <keystroke xmlns="http://www.logitech.com/Cassandra/2010.1/Macros/Keystroke">
          <key value="S"/>
        </keystroke>
      </macro>
      <macro guid="{8DAC01C2-45F1-4D88-9FE9-6F29FDC7673E}" hidden="false" name="Left">
        <keystroke xmlns="http://www.logitech.com/Cassandra/2010.1/Macros/Keystroke">
          <key value="A"/>
        </keystroke>
      </macro>
      <macro guid="{15425077-BFBA-40CC-8E10-91FADDA4F5FB}" hidden="false" name="Right">
        <keystroke xmlns="http://www.logitech.com/Cassandra/2010.1/Macros/Keystroke">
          <key value="D"/>
        </keystroke>
      </macro>
      <macro guid="{4862B00D-3E6D-4BCD-9F25-A1BC0F60DF65}" hidden="false" name="Sprint">
        <keystroke xmlns="http://www.logitech.com/Cassandra/2010.1/Macros/Keystroke">
          <key value="LSHIFT"/>
        </keystroke>
      </macro>
      <macro guid="{B50136F1-CDED-48A7-9558-B56366378766}" hidden="false" name="HRV">
        <keystroke xmlns="http://www.logitech.com/Cassandra/2010.1/Macros/Keystroke">
          <key value="V"/>
        </keystroke>
      </macro>
      <macro guid="{C167F831-3AEC-4337-8089-EC8248EF0C92}" hidden="false" name="Melee">
        <keystroke xmlns="http://www.logitech.com/Cassandra/2010.1/Macros/Keystroke">
          <key value="F"/>
        </keystroke>
      </macro>
      <macro guid="{6671549E-D9F1-4DBF-80F7-23F4596DDE77}" hidden="false" name="Pickup Weapon">
        <keystroke xmlns="http://www.logitech.com/Cassandra/2010.1/Macros/Keystroke">
          <key value="Q"/>
        </keystroke>
      </macro>
      <macro guid="{869DBFCB-D8D6-4D70-841E-417C27EF2165}" hidden="false" name="Crouch">
        <keystroke xmlns="http://www.logitech.com/Cassandra/2010.1/Macros/Keystroke">
          <key value="LCTRL"/>
        </keystroke>
      </macro>
      <macro guid="{EFBB045B-D5F7-4F90-AAA8-81B30A60106F}" hidden="false" name="Use">
        <keystroke xmlns="http://www.logitech.com/Cassandra/2010.1/Macros/Keystroke">
          <key value="E"/>
        </keystroke>
      </macro>
      <macro guid="{E363DB02-C237-4F46-B836-C192A753F796}" hidden="false" name="Talk">
        <keystroke xmlns="http://www.logitech.com/Cassandra/2010.1/Macros/Keystroke">
          <key value="LALT"/>
        </keystroke>
      </macro>
      <macro guid="{431FA6C6-10A5-45EC-A477-0ABA1E02B079}" hidden="false" name="Primary Weapon">
        <keystroke xmlns="http://www.logitech.com/Cassandra/2010.1/Macros/Keystroke">
          <key value="1"/>
        </keystroke>
      </macro>
      <macro guid="{438F3D53-A004-448F-A201-7652096B37C0}" hidden="false" name="Secondary Weapon">
        <keystroke xmlns="http://www.logitech.com/Cassandra/2010.1/Macros/Keystroke">
          <key value="2"/>
        </keystroke>
      </macro>
      <macro guid="{6FDBE7D6-3F6D-4063-9F2D-ADBADFC2CA83}" hidden="false" name="Tactical">
        <keystroke xmlns="http://www.logitech.com/Cassandra/2010.1/Macros/Keystroke">
          <key value="M"/>
        </keystroke>
      </macro>
      <macro guid="{EA381F1C-5528-4CD7-8CDD-3A624C3C0B74}" hidden="false" name="Last Weapon">
        <keystroke xmlns="http://www.logitech.com/Cassandra/2010.1/Macros/Keystroke">
          <key value="Z"/>
        </keystroke>
      </macro>
      <macro guid="{93F9B2FF-35C4-4922-BC05-543550730135}" hidden="false" name="Inventory 1">
        <keystroke xmlns="http://www.logitech.com/Cassandra/2010.1/Macros/Keystroke">
          <key value="3"/>
        </keystroke>
      </macro>
      <macro guid="{FD8D769F-5446-49B9-88E5-81E450BF62DD}" hidden="false" name="Inventory 2">
        <keystroke xmlns="http://www.logitech.com/Cassandra/2010.1/Macros/Keystroke">
          <key value="4"/>
        </keystroke>
      </macro>
      <macro guid="{41C41217-D11B-451C-95B8-D33040AFDEE9}" hidden="false" name="Inventory 3">
        <keystroke xmlns="http://www.logitech.com/Cassandra/2010.1/Macros/Keystroke">
          <key value="5"/>
        </keystroke>
      </macro>
      <macro guid="{1C34C0CC-C8AE-4F30-8300-9252DF87AECC}" hidden="false" name="Invetory 4">
        <keystroke xmlns="http://www.logitech.com/Cassandra/2010.1/Macros/Keystroke">
          <key value="6"/>
        </keystroke>
      </macro>
      <macro guid="{01678F09-02FF-4C3C-8525-109C2ABD063E}" hidden="false" name="Taunt">
        <keystroke xmlns="http://www.logitech.com/Cassandra/2010.1/Macros/Keystroke">
          <key value="T"/>
        </keystroke>
      </macro>
      <macro guid="{AA9A9F76-33A3-4F25-A6B5-427EBF47C52F}" hidden="false" name="Quick gear">
        <keystroke xmlns="http://www.logitech.com/Cassandra/2010.1/Macros/Keystroke">
          <key value="G"/>
        </keystroke>
      </macro>
      <macro guid="{0EDD4F25-E83F-4DF1-AD4C-526C8B752C0F}" hidden="false" name="Reload">
        <keystroke xmlns="http://www.logitech.com/Cassandra/2010.1/Macros/Keystroke">
          <key value="R"/>
        </keystroke>
      </macro>
      <macro guid="{353A0B82-722E-40D4-A7E5-04FABB57A9BF}" hidden="false" name="Jump">
        <keystroke xmlns="http://www.logitech.com/Cassandra/2010.1/Macros/Keystroke">
          <key value="SPACEBAR"/>
        </keystroke>
      </macro>
    </macros>
    <assignments devicecategory="Logitech.Gaming.LeftHandedController">
      <assignment original="false" backup="false" contextid="G12" shiftstate="1" macroguid="{15425077-BFBA-40CC-8E10-91FADDA4F5FB}"/>
      <assignment original="false" backup="false" contextid="G15" shiftstate="1" macroguid="{4862B00D-3E6D-4BCD-9F25-A1BC0F60DF65}"/>
      <assignment original="false" backup="false" contextid="G14" shiftstate="1" macroguid="{6FDBE7D6-3F6D-4063-9F2D-ADBADFC2CA83}"/>
      <assignment original="false" backup="false" contextid="G19" shiftstate="1" macroguid="{01678F09-02FF-4C3C-8525-109C2ABD063E}"/>
      <assignment original="false" backup="false" contextid="G3" shiftstate="1" macroguid="{EFBB045B-D5F7-4F90-AAA8-81B30A60106F}"/>
      <assignment original="false" backup="false" contextid="G5" shiftstate="1" macroguid="{0EDD4F25-E83F-4DF1-AD4C-526C8B752C0F}"/>
      <assignment original="false" backup="false" contextid="G10" shiftstate="1" macroguid="{8DAC01C2-45F1-4D88-9FE9-6F29FDC7673E}"/>
      <assignment original="false" backup="false" contextid="G29" shiftstate="1" macroguid="{41C41217-D11B-451C-95B8-D33040AFDEE9}"/>
      <assignment original="false" backup="false" contextid="G27" shiftstate="1" macroguid="{FD8D769F-5446-49B9-88E5-81E450BF62DD}"/>
      <assignment original="false" backup="false" contextid="G28" shiftstate="1" macroguid="{1C34C0CC-C8AE-4F30-8300-9252DF87AECC}"/>
      <assignment original="false" backup="false" contextid="G25" shiftstate="1" macroguid="{EA381F1C-5528-4CD7-8CDD-3A624C3C0B74}"/>
      <assignment original="false" backup="false" contextid="G26" shiftstate="1" macroguid="{93F9B2FF-35C4-4922-BC05-543550730135}"/>
      <assignment original="false" backup="false" contextid="G4" shiftstate="1" macroguid="{45246B93-3D63-4A30-B11D-0A31ADD0A64B}"/>
      <assignment original="false" backup="false" contextid="G11" shiftstate="1" macroguid="{E0C3BB97-8878-4873-8434-2BE8537C2124}"/>
      <assignment original="false" backup="false" contextid="G9" shiftstate="1" macroguid="{869DBFCB-D8D6-4D70-841E-417C27EF2165}"/>
      <assignment original="false" backup="false" contextid="G23" shiftstate="1" macroguid="{B50136F1-CDED-48A7-9558-B56366378766}"/>
      <assignment original="false" backup="false" contextid="G13" shiftstate="1" macroguid="{AA9A9F76-33A3-4F25-A6B5-427EBF47C52F}"/>
    </assignments>
    <assignments devicecategory="Logitech.Gaming.Mouse.G9">
      <assignment original="false" backup="false" contextid="Button1" shiftstate="1" macroguid="{29E2DEFE-B057-449A-B57F-21105AE2AA48}"/>
      <assignment original="false" backup="false" contextid="Button2" shiftstate="1" macroguid="{A2DE582D-D851-40F9-9AD0-3FBF600F013F}"/>
      <assignment original="false" backup="false" contextid="Button3" shiftstate="1" macroguid="{D4506B81-9363-4AC3-85E6-7666B50B209D}"/>
      <assignment original="false" backup="false" contextid="Button9" shiftstate="1" macroguid="{DEB8132C-4DDB-4751-A14D-252437DECF16}"/>
      <assignment original="false" backup="false" contextid="Button10" shiftstate="1" macroguid="{3CD758BA-1BFD-4C59-AAC1-0CA25F9D0BAB}"/>
      <assignment original="false" backup="false" contextid="Button4" shiftstate="1" macroguid="{353A0B82-722E-40D4-A7E5-04FABB57A9BF}"/>
      <assignment original="false" backup="false" contextid="Button5" shiftstate="1" macroguid="{C167F831-3AEC-4337-8089-EC8248EF0C92}"/>
      <assignment original="false" backup="false" contextid="Button7" shiftstate="1" macroguid="{431FA6C6-10A5-45EC-A477-0ABA1E02B079}"/>
      <assignment original="false" backup="false" contextid="Button8" shiftstate="1" macroguid="{438F3D53-A004-448F-A201-7652096B37C0}"/>
    </assignments>
    <pointers>
      <pointer devicemodel="Logitech.Gaming.Mouse.G9XCOD">
        <mode shiftstate="1">
          <reportrate rate="500"/>
          <powermode value="2"/>
          <dpitable defaultindex="1" shiftindex="1" syncxy="1">
            <dpi x="400" y="400" enabled="1"/>
            <dpi x="800" y="800" enabled="1"/>
            <dpi x="1600" y="1600" enabled="1"/>
            <dpi x="3200" y="3200" enabled="1"/>
          </dpitable>
          <movement speed="-1" acceleration="1"/>
        </mode>
      </pointer>
    </pointers>
    <backlight devicemodel="Logitech.Gaming.Mouse.G9XCOD">
      <mode shiftstate="1" color="#00ff00"/>
      <mode shiftstate="2" color="#00ff00"/>
      <mode shiftstate="3" color="#00ff00"/>
    </backlight>
    <backlight devicemodel="Logitech.Gaming.LeftHandedController.G13">
      <mode shiftstate="1" color="#ffffff"/>
      <mode shiftstate="2" color="#5aff6e"/>
      <mode shiftstate="3" color="#5aff6e"/>
    </backlight>
    <script>function OnEvent(event, arg)
    OutputLogMessage("event = %s, arg = %s\n", event, arg)
end</script>
  </profile>
</profiles>
